Workbook

Sheet Instructions
A1: Country scoring model: Julius Meinl, Latin America
A2: Business Projects WT 2026/27, Midterm Part A. One workbook for all six groups.
A4: Purpose | B4: All groups score the same six countries with the same criteria and the same weights. Each group collects the data of its allocated country. The workbook turns the data into scores and ranks.
A5: Your country | B5: Group 1: Argentina. Group 2: Chile. Group 3: Mexico. Group 4: Colombia. Group 5: Uruguay. Group 6: Brazil.
A6: What you enter | B6: Only on the Data sheet, only in the yellow cells of your own country: value, year and source (name and link). Do not type in other groups' columns. Never type over a grey or white cell: they contain formulas.
A7: How the criteria are built | B7: The 14 indicators are grouped by the six PESTEL dimensions (Political, Economic, Social, Technological, Environmental, Legal). Julius Meinl's six dimensions are shown as a second label.
A8: How the weights work | B8: The instructor has fixed the weight of each PESTEL dimension upfront (sheet Weights). The weight of a dimension is split equally among its indicators. Groups cannot change the weights.
A9: How scores are calculated | B9: Each indicator is rescaled to 0 to 100 across the six countries (min-max, direction respected). The score of a country is the weighted sum of its indicator scores. The T-scores sheet shows a second normalisation (50 + 10 x z-score; 50 = average of the six countries).
A10: Robustness | B10: The Scores sheet recalculates the ranking with four alternative weight sets. Use it for Step 7 of the student brief.
A11: Colour code | B11: Yellow with blue text: input. Grey: fixed by the instructor. White or light grey with black text: formula.
A12: Quality rules | B12: Use the latest year available. Use the unit given. Record the year and a source link for every value. Qualitative scores use the rubrics on the Rubrics sheet; write the reason in the source cell. A country with a missing value shows "incomplete" instead of a score.
A13: Questions | B13: arne.floh@wu.ac.at

Sheet Weights
A1: Weights (set by the instructor, do not change)
A3: PESTEL dimension | B3: Baseline | C3: Equal | D3: Economy-led | E3: Access-led | F3: Society-led | G3: Indicators in dimension
A4: Political | B4: 15 | C4: 17 | D4: 10 | E4: 20 | F4: 10 | G4: =COUNTIF(Indicators!$B$4:$B$17,A4)
A5: Economic | B5: 25 | C5: 17 | D5: 40 | E5: 15 | F5: 20 | G5: =COUNTIF(Indicators!$B$4:$B$17,A5)
A6: Social | B6: 25 | C6: 17 | D6: 20 | E6: 15 | F6: 40 | G6: =COUNTIF(Indicators!$B$4:$B$17,A6)
A7: Technological | B7: 10 | C7: 17 | D7: 10 | E7: 5 | F7: 10 | G7: =COUNTIF(Indicators!$B$4:$B$17,A7)
A8: Environmental | B8: 5 | C8: 16 | D8: 5 | E8: 5 | F8: 5 | G8: =COUNTIF(Indicators!$B$4:$B$17,A8)
A9: Legal | B9: 20 | C9: 16 | D9: 15 | E9: 40 | F9: 15 | G9: =COUNTIF(Indicators!$B$4:$B$17,A9)
A10: Sum (must be 100) | B10: =SUM(B4:B9) | C10: =SUM(C4:C9) | D10: =SUM(D4:D9) | E10: =SUM(E4:E9) | F10: =SUM(F4:F9) | G10: =SUM(G4:G9)
A12: Baseline: derived from Julius Meinl's priorities (purchasing power and coffee culture first, import conditions and regulation next). Economy-led, Access-led and Society-led shift the emphasis. Equal is the neutral benchmark.
A15: Weight of each indicator (dimension weight divided by the number of indicators in the dimension)
A16: ID | B16: Indicator (dimension) | C16: Baseline | D16: Equal | E16: Economy-led | F16: Access-led | G16: Society-led
A17: =Indicators!A4 | B17: =Indicators!C4&" ("&Indicators!B4&")" | C17: =INDEX($B$4:$B$9,MATCH(Indicators!$B4,$A$4:$A$9,0))/INDEX($G$4:$G$9,MATCH(Indicators!$B4,$A$4:$A$9,0)) | D17: =INDEX($C$4:$C$9,MATCH(Indicators!$B4,$A$4:$A$9,0))/INDEX($G$4:$G$9,MATCH(Indicators!$B4,$A$4:$A$9,0)) | E17: =INDEX($D$4:$D$9,MATCH(Indicators!$B4,$A$4:$A$9,0))/INDEX($G$4:$G$9,MATCH(Indicators!$B4,$A$4:$A$9,0)) | F17: =INDEX($E$4:$E$9,MATCH(Indicators!$B4,$A$4:$A$9,0))/INDEX($G$4:$G$9,MATCH(Indicators!$B4,$A$4:$A$9,0)) | G17: =INDEX($F$4:$F$9,MATCH(Indicators!$B4,$A$4:$A$9,0))/INDEX($G$4:$G$9,MATCH(Indicators!$B4,$A$4:$A$9,0))
A18: =Indicators!A5 | B18: =Indicators!C5&" ("&Indicators!B5&")" | C18: =INDEX($B$4:$B$9,MATCH(Indicators!$B5,$A$4:$A$9,0))/INDEX($G$4:$G$9,MATCH(Indicators!$B5,$A$4:$A$9,0)) | D18: =INDEX($C$4:$C$9,MATCH(Indicators!$B5,$A$4:$A$9,0))/INDEX($G$4:$G$9,MATCH(Indicators!$B5,$A$4:$A$9,0)) | E18: =INDEX($D$4:$D$9,MATCH(Indicators!$B5,$A$4:$A$9,0))/INDEX($G$4:$G$9,MATCH(Indicators!$B5,$A$4:$A$9,0)) | F18: =INDEX($E$4:$E$9,MATCH(Indicators!$B5,$A$4:$A$9,0))/INDEX($G$4:$G$9,MATCH(Indicators!$B5,$A$4:$A$9,0)) | G18: =INDEX($F$4:$F$9,MATCH(Indicators!$B5,$A$4:$A$9,0))/INDEX($G$4:$G$9,MATCH(Indicators!$B5,$A$4:$A$9,0))
A19: =Indicators!A6 | B19: =Indicators!C6&" ("&Indicators!B6&")" | C19: =INDEX($B$4:$B$9,MATCH(Indicators!$B6,$A$4:$A$9,0))/INDEX($G$4:$G$9,MATCH(Indicators!$B6,$A$4:$A$9,0)) | D19: =INDEX($C$4:$C$9,MATCH(Indicators!$B6,$A$4:$A$9,0))/INDEX($G$4:$G$9,MATCH(Indicators!$B6,$A$4:$A$9,0)) | E19: =INDEX($D$4:$D$9,MATCH(Indicators!$B6,$A$4:$A$9,0))/INDEX($G$4:$G$9,MATCH(Indicators!$B6,$A$4:$A$9,0)) | F19: =INDEX($E$4:$E$9,MATCH(Indicators!$B6,$A$4:$A$9,0))/INDEX($G$4:$G$9,MATCH(Indicators!$B6,$A$4:$A$9,0)) | G19: =INDEX($F$4:$F$9,MATCH(Indicators!$B6,$A$4:$A$9,0))/INDEX($G$4:$G$9,MATCH(Indicators!$B6,$A$4:$A$9,0))
A20: =Indicators!A7 | B20: =Indicators!C7&" ("&Indicators!B7&")" | C20: =INDEX($B$4:$B$9,MATCH(Indicators!$B7,$A$4:$A$9,0))/INDEX($G$4:$G$9,MATCH(Indicators!$B7,$A$4:$A$9,0)) | D20: =INDEX($C$4:$C$9,MATCH(Indicators!$B7,$A$4:$A$9,0))/INDEX($G$4:$G$9,MATCH(Indicators!$B7,$A$4:$A$9,0)) | E20: =INDEX($D$4:$D$9,MATCH(Indicators!$B7,$A$4:$A$9,0))/INDEX($G$4:$G$9,MATCH(Indicators!$B7,$A$4:$A$9,0)) | F20: =INDEX($E$4:$E$9,MATCH(Indicators!$B7,$A$4:$A$9,0))/INDEX($G$4:$G$9,MATCH(Indicators!$B7,$A$4:$A$9,0)) | G20: =INDEX($F$4:$F$9,MATCH(Indicators!$B7,$A$4:$A$9,0))/INDEX($G$4:$G$9,MATCH(Indicators!$B7,$A$4:$A$9,0))
A21: =Indicators!A8 | B21: =Indicators!C8&" ("&Indicators!B8&")" | C21: =INDEX($B$4:$B$9,MATCH(Indicators!$B8,$A$4:$A$9,0))/INDEX($G$4:$G$9,MATCH(Indicators!$B8,$A$4:$A$9,0)) | D21: =INDEX($C$4:$C$9,MATCH(Indicators!$B8,$A$4:$A$9,0))/INDEX($G$4:$G$9,MATCH(Indicators!$B8,$A$4:$A$9,0)) | E21: =INDEX($D$4:$D$9,MATCH(Indicators!$B8,$A$4:$A$9,0))/INDEX($G$4:$G$9,MATCH(Indicators!$B8,$A$4:$A$9,0)) | F21: =INDEX($E$4:$E$9,MATCH(Indicators!$B8,$A$4:$A$9,0))/INDEX($G$4:$G$9,MATCH(Indicators!$B8,$A$4:$A$9,0)) | G21: =INDEX($F$4:$F$9,MATCH(Indicators!$B8,$A$4:$A$9,0))/INDEX($G$4:$G$9,MATCH(Indicators!$B8,$A$4:$A$9,0))
A22: =Indicators!A9 | B22: =Indicators!C9&" ("&Indicators!B9&")" | C22: =INDEX($B$4:$B$9,MATCH(Indicators!$B9,$A$4:$A$9,0))/INDEX($G$4:$G$9,MATCH(Indicators!$B9,$A$4:$A$9,0)) | D22: =INDEX($C$4:$C$9,MATCH(Indicators!$B9,$A$4:$A$9,0))/INDEX($G$4:$G$9,MATCH(Indicators!$B9,$A$4:$A$9,0)) | E22: =INDEX($D$4:$D$9,MATCH(Indicators!$B9,$A$4:$A$9,0))/INDEX($G$4:$G$9,MATCH(Indicators!$B9,$A$4:$A$9,0)) | F22: =INDEX($E$4:$E$9,MATCH(Indicators!$B9,$A$4:$A$9,0))/INDEX($G$4:$G$9,MATCH(Indicators!$B9,$A$4:$A$9,0)) | G22: =INDEX($F$4:$F$9,MATCH(Indicators!$B9,$A$4:$A$9,0))/INDEX($G$4:$G$9,MATCH(Indicators!$B9,$A$4:$A$9,0))
A23: =Indicators!A10 | B23: =Indicators!C10&" ("&Indicators!B10&")" | C23: =INDEX($B$4:$B$9,MATCH(Indicators!$B10,$A$4:$A$9,0))/INDEX($G$4:$G$9,MATCH(Indicators!$B10,$A$4:$A$9,0)) | D23: =INDEX($C$4:$C$9,MATCH(Indicators!$B10,$A$4:$A$9,0))/INDEX($G$4:$G$9,MATCH(Indicators!$B10,$A$4:$A$9,0)) | E23: =INDEX($D$4:$D$9,MATCH(Indicators!$B10,$A$4:$A$9,0))/INDEX($G$4:$G$9,MATCH(Indicators!$B10,$A$4:$A$9,0)) | F23: =INDEX($E$4:$E$9,MATCH(Indicators!$B10,$A$4:$A$9,0))/INDEX($G$4:$G$9,MATCH(Indicators!$B10,$A$4:$A$9,0)) | G23: =INDEX($F$4:$F$9,MATCH(Indicators!$B10,$A$4:$A$9,0))/INDEX($G$4:$G$9,MATCH(Indicators!$B10,$A$4:$A$9,0))
A24: =Indicators!A11 | B24: =Indicators!C11&" ("&Indicators!B11&")" | C24: =INDEX($B$4:$B$9,MATCH(Indicators!$B11,$A$4:$A$9,0))/INDEX($G$4:$G$9,MATCH(Indicators!$B11,$A$4:$A$9,0)) | D24: =INDEX($C$4:$C$9,MATCH(Indicators!$B11,$A$4:$A$9,0))/INDEX($G$4:$G$9,MATCH(Indicators!$B11,$A$4:$A$9,0)) | E24: =INDEX($D$4:$D$9,MATCH(Indicators!$B11,$A$4:$A$9,0))/INDEX($G$4:$G$9,MATCH(Indicators!$B11,$A$4:$A$9,0)) | F24: =INDEX($E$4:$E$9,MATCH(Indicators!$B11,$A$4:$A$9,0))/INDEX($G$4:$G$9,MATCH(Indicators!$B11,$A$4:$A$9,0)) | G24: =INDEX($F$4:$F$9,MATCH(Indicators!$B11,$A$4:$A$9,0))/INDEX($G$4:$G$9,MATCH(Indicators!$B11,$A$4:$A$9,0))
A25: =Indicators!A12 | B25: =Indicators!C12&" ("&Indicators!B12&")" | C25: =INDEX($B$4:$B$9,MATCH(Indicators!$B12,$A$4:$A$9,0))/INDEX($G$4:$G$9,MATCH(Indicators!$B12,$A$4:$A$9,0)) | D25: =INDEX($C$4:$C$9,MATCH(Indicators!$B12,$A$4:$A$9,0))/INDEX($G$4:$G$9,MATCH(Indicators!$B12,$A$4:$A$9,0)) | E25: =INDEX($D$4:$D$9,MATCH(Indicators!$B12,$A$4:$A$9,0))/INDEX($G$4:$G$9,MATCH(Indicators!$B12,$A$4:$A$9,0)) | F25: =INDEX($E$4:$E$9,MATCH(Indicators!$B12,$A$4:$A$9,0))/INDEX($G$4:$G$9,MATCH(Indicators!$B12,$A$4:$A$9,0)) | G25: =INDEX($F$4:$F$9,MATCH(Indicators!$B12,$A$4:$A$9,0))/INDEX($G$4:$G$9,MATCH(Indicators!$B12,$A$4:$A$9,0))
A26: =Indicators!A13 | B26: =Indicators!C13&" ("&Indicators!B13&")" | C26: =INDEX($B$4:$B$9,MATCH(Indicators!$B13,$A$4:$A$9,0))/INDEX($G$4:$G$9,MATCH(Indicators!$B13,$A$4:$A$9,0)) | D26: =INDEX($C$4:$C$9,MATCH(Indicators!$B13,$A$4:$A$9,0))/INDEX($G$4:$G$9,MATCH(Indicators!$B13,$A$4:$A$9,0)) | E26: =INDEX($D$4:$D$9,MATCH(Indicators!$B13,$A$4:$A$9,0))/INDEX($G$4:$G$9,MATCH(Indicators!$B13,$A$4:$A$9,0)) | F26: =INDEX($E$4:$E$9,MATCH(Indicators!$B13,$A$4:$A$9,0))/INDEX($G$4:$G$9,MATCH(Indicators!$B13,$A$4:$A$9,0)) | G26: =INDEX($F$4:$F$9,MATCH(Indicators!$B13,$A$4:$A$9,0))/INDEX($G$4:$G$9,MATCH(Indicators!$B13,$A$4:$A$9,0))
A27: =Indicators!A14 | B27: =Indicators!C14&" ("&Indicators!B14&")" | C27: =INDEX($B$4:$B$9,MATCH(Indicators!$B14,$A$4:$A$9,0))/INDEX($G$4:$G$9,MATCH(Indicators!$B14,$A$4:$A$9,0)) | D27: =INDEX($C$4:$C$9,MATCH(Indicators!$B14,$A$4:$A$9,0))/INDEX($G$4:$G$9,MATCH(Indicators!$B14,$A$4:$A$9,0)) | E27: =INDEX($D$4:$D$9,MATCH(Indicators!$B14,$A$4:$A$9,0))/INDEX($G$4:$G$9,MATCH(Indicators!$B14,$A$4:$A$9,0)) | F27: =INDEX($E$4:$E$9,MATCH(Indicators!$B14,$A$4:$A$9,0))/INDEX($G$4:$G$9,MATCH(Indicators!$B14,$A$4:$A$9,0)) | G27: =INDEX($F$4:$F$9,MATCH(Indicators!$B14,$A$4:$A$9,0))/INDEX($G$4:$G$9,MATCH(Indicators!$B14,$A$4:$A$9,0))
A28: =Indicators!A15 | B28: =Indicators!C15&" ("&Indicators!B15&")" | C28: =INDEX($B$4:$B$9,MATCH(Indicators!$B15,$A$4:$A$9,0))/INDEX($G$4:$G$9,MATCH(Indicators!$B15,$A$4:$A$9,0)) | D28: =INDEX($C$4:$C$9,MATCH(Indicators!$B15,$A$4:$A$9,0))/INDEX($G$4:$G$9,MATCH(Indicators!$B15,$A$4:$A$9,0)) | E28: =INDEX($D$4:$D$9,MATCH(Indicators!$B15,$A$4:$A$9,0))/INDEX($G$4:$G$9,MATCH(Indicators!$B15,$A$4:$A$9,0)) | F28: =INDEX($E$4:$E$9,MATCH(Indicators!$B15,$A$4:$A$9,0))/INDEX($G$4:$G$9,MATCH(Indicators!$B15,$A$4:$A$9,0)) | G28: =INDEX($F$4:$F$9,MATCH(Indicators!$B15,$A$4:$A$9,0))/INDEX($G$4:$G$9,MATCH(Indicators!$B15,$A$4:$A$9,0))
... A30: =Indicators!A17 | B30: =Indicators!C17&" ("&Indicators!B17&")" | C30: =INDEX($B$4:$B$9,MATCH(Indicators!$B17,$A$4:$A$9,0))/INDEX($G$4:$G$9,MATCH(Indicators!$B17,$A$4:$A$9,0)) | D30: =INDEX($C$4:$C$9,MATCH(Indicators!$B17,$A$4:$A$9,0))/INDEX($G$4:$G$9,MATCH(Indicators!$B17,$A$4:$A$9,0)) | E30: =INDEX($D$4:$D$9,MATCH(Indicators!$B17,$A$4:$A$9,0))/INDEX($G$4:$G$9,MATCH(Indicators!$B17,$A$4:$A$9,0)) | F30: =INDEX($E$4:$E$9,MATCH(Indicators!$B17,$A$4:$A$9,0))/INDEX($G$4:$G$9,MATCH(Indicators!$B17,$A$4:$A$9,0)) | G30: =INDEX($F$4:$F$9,MATCH(Indicators!$B17,$A$4:$A$9,0))/INDEX($G$4:$G$9,MATCH(Indicators!$B17,$A$4:$A$9,0))
B31: Sum | C31: =SUM(C17:C30) | D31: =SUM(D17:D30) | E31: =SUM(E17:E30) | F31: =SUM(F17:F30) | G31: =SUM(G17:G30)

Sheet Indicators
A1: Common indicators, grouped by PESTEL dimension
A2: Proposed by the instructor from the group shortlists. Same for all groups.
A3: ID | B3: PESTEL dimension | C3: Indicator | D3: Julius Meinl dimension | E3: Unit | F3: Direction | G3: Source | H3: Type
A4: P1 | B4: Political | C4: Political stability and absence of violence | D4: Country risk | E4: Estimate, about -2.5 to 2.5 | F4: Higher is better | G4: Worldwide Governance Indicators, World Bank | H4: Quantitative
A5: P2 | B5: Political | C5: Trade agreement between the EU and the country | D5: Import and regulation | E5: Score 1 to 5 (rubric A) | F5: Higher is better | G5: EU Access2Markets | H5: Rubric
A6: E1 | B6: Economic | C6: GDP per capita, PPP | D6: Purchasing power | E6: International dollars | F6: Higher is better | G6: World Development Indicators, World Bank | H6: Quantitative
A7: E2 | B7: Economic | C7: Household final consumption expenditure per capita | D7: Premium coffee segment | E7: US dollars | F7: Higher is better | G7: World Development Indicators, World Bank | H7: Quantitative
A8: E3 | B8: Economic | C8: Inflation, consumer prices | D8: Purchasing power | E8: % per year | F8: Lower is better | G8: World Development Indicators, World Bank | H8: Quantitative
A9: E4 | B9: Economic | C9: Applied tariff on roasted coffee (HS 0901.21), EU origin | D9: Import and regulation | E9: % | F9: Lower is better | G9: EU Access2Markets; WTO tariff data | H9: Quantitative
A10: S1 | B10: Social | C10: Coffee consumption per capita | D10: Coffee culture | E10: Kg per person (check unit) | F10: Higher is better | G10: International Coffee Organization | H10: Quantitative
A11: S2 | B11: Social | C11: International tourist arrivals | D11: Tourism and hotels | E11: Number of arrivals | F11: Higher is better | G11: World Development Indicators (UN Tourism data) | H11: Quantitative
A12: S3 | B12: Social | C12: Cafe culture | D12: Coffee culture | E12: Score 1 to 5 (rubric B) | F12: Higher is better | G12: Own assessment with sources | H12: Rubric
A13: T1 | B13: Technological | C13: Individuals using the Internet | D13: Premium coffee segment | E13: % of population | F13: Higher is better | G13: World Development Indicators, World Bank | H13: Quantitative
A14: T2 | B14: Technological | C14: Logistics Performance Index | D14: Import and regulation | E14: Score 1 to 5 | F14: Higher is better | G14: Logistics Performance Index, World Bank | H14: Quantitative
... A17: L2 | B17: Legal | C17: Product, labelling and certification requirements for coffee | D17: Import and regulation | E17: Score 1 to 5 (rubric D) | F17: Higher is better | G17: EU Access2Markets | H17: Rubric

Sheet Data
A1: Data: each group fills the yellow cells of its own country
D3: Argentina (Group 1) | G3: Brazil (Group 6) | J3: Chile (Group 2) | M3: Colombia (Group 4) | P3: Mexico (Group 3) | S3: Uruguay (Group 5)
A4: ID | B4: Indicator | C4: Direction | D4: Value | E4: Year | F4: Source and link | G4: Value | H4: Year | I4: Source and link | J4: Value | K4: Year | L4: Source and link | M4: Value | N4: Year | O4: Source and link | P4: Value | Q4: Year | R4: Source and link | S4: Value | T4: Year | U4: Source and link
A5: =Indicators!A4 | B5: =Indicators!C4&" ["&Indicators!E4&"]" | C5: =Indicators!F4
A6: =Indicators!A5 | B6: =Indicators!C5&" ["&Indicators!E5&"]" | C6: =Indicators!F5
A7: =Indicators!A6 | B7: =Indicators!C6&" ["&Indicators!E6&"]" | C7: =Indicators!F6
A8: =Indicators!A7 | B8: =Indicators!C7&" ["&Indicators!E7&"]" | C8: =Indicators!F7
A9: =Indicators!A8 | B9: =Indicators!C8&" ["&Indicators!E8&"]" | C9: =Indicators!F8
A10: =Indicators!A9 | B10: =Indicators!C9&" ["&Indicators!E9&"]" | C10: =Indicators!F9
A11: =Indicators!A10 | B11: =Indicators!C10&" ["&Indicators!E10&"]" | C11: =Indicators!F10
A12: =Indicators!A11 | B12: =Indicators!C11&" ["&Indicators!E11&"]" | C12: =Indicators!F11
A13: =Indicators!A12 | B13: =Indicators!C12&" ["&Indicators!E12&"]" | C13: =Indicators!F12
A14: =Indicators!A13 | B14: =Indicators!C13&" ["&Indicators!E13&"]" | C14: =Indicators!F13
A15: =Indicators!A14 | B15: =Indicators!C14&" ["&Indicators!E14&"]" | C15: =Indicators!F14
A16: =Indicators!A15 | B16: =Indicators!C15&" ["&Indicators!E15&"]" | C16: =Indicators!F15
... A18: =Indicators!A17 | B18: =Indicators!C17&" ["&Indicators!E17&"]" | C18: =Indicators!F17

Sheet Normalised
A1: Normalised scores 0 to 100 (min-max, direction respected)
A2: Best country = 100, weakest = 0 on each indicator. Exaggerates small differences with six countries.
A3: ID | B3: Indicator | C3: Argentina | D3: Brazil | E3: Chile | F3: Colombia | G3: Mexico | H3: Uruguay
A4: =Indicators!A4 | B4: =Indicators!C4 | C4: =IF(COUNT(Data!D5,Data!G5,Data!J5,Data!M5,Data!P5,Data!S5)<6,"",IF(MAX(Data!D5,Data!G5,Data!J5,Data!M5,Data!P5,Data!S5)=MIN(Data!D5,Data!G5,Data!J5,Data!M5,Data!P5,Data!S5),"",IF(Data!$C5="Lower is better",100*(MAX(Data!D5,Data!G5,Data!J5,Data!M5,Data!P5,Data!S5)-Data!D5)/(MAX(Data!D5,Data!G5,Data!J5,Data!M5,Data!P5,Data!S5)-MIN(Data!D5,Data!G5,Data!J5,Data!M5,Data!P5,Data!S5)),100*(Data!D5-MIN(Data!D5,Data!G5,Data!J5,Data!M5,Data!P5,Data!S5))/(MAX(Data!D5,Data!G5,Data!J5,Data!M5,Data!P5,Data!S5)-MIN(Data!D5,Data!G5,Data!J5,Data!M5,Data!P5,Data!S5))))) | D4: =IF(COUNT(Data!D5,Data!G5,Data!J5,Data!M5,Data!P5,Data!S5)<6,"",IF(MAX(Data!D5,Data!G5,Data!J5,Data!M5,Data!P5,Data!S5)=MIN(Data!D5,Data!G5,Data!J5,Data!M5,Data!P5,Data!S5),"",IF(Data!$C5="Lower is better",100*(MAX(Data!D5,Data!G5,Data!J5,Data!M5,Data!P5,Data!S5)-Data!G5)/(MAX(Data!D5,Data!G5,Data!J5,Data!M5,Data!P5,Data!S5)-MIN(Data!D5,Data!G5,Data!J5,Data!M5,Data!P5,Data!S5)),100*(Data!G5-MIN(Data!D5,Data!G5,Data!J5,Data!M5,Data!P5,Data!S5))/(MAX(Data!D5,Data!G5,Data!J5,Data!M5,Data!P5,Data!S5)-MIN(Data!D5,Data!G5,Data!J5,Data!M5,Data!P5,Data!S5))))) | E4: =IF(COUNT(Data!D5,Data!G5,Data!J5,Data!M5,Data!P5,Data!S5)<6,"",IF(MAX(Data!D5,Data!G5,Data!J5,Data!M5,Data!P5,Data!S5)=MIN(Data!D5,Data!G5,Data!J5,Data!M5,Data!P5,Data!S5),"",IF(Data!$C5="Lower is better",100*(MAX(Data!D5,Data!G5,Data!J5,Data!M5,Data!P5,Data!S5)-Data!J5)/(MAX(Data!D5,Data!G5,Data!J5,Data!M5,Data!P5,Data!S5)-MIN(Data!D5,Data!G5,Data!J5,Data!M5,Data!P5,Data!S5)),100*(Data!J5-MIN(Data!D5,Data!G5,Data!J5,Data!M5,Data!P5,Data!S5))/(MAX(Data!D5,Data!G5,Data!J5,Data!M5,Data!P5,Data!S5)-MIN(Data!D5,Data!G5,Data!J5,Data!M5,Data!P5,Data!S5))))) | F4: =IF(COUNT(Data!D5,Data!G5,Data!J5,Data!M5,Data!P5,Data!S5)<6,"",IF(MAX(Data!D5,Data!G5,Data!J5,Data!M5,Data!P5,Data!S5)=MIN(Data!D5,Data!G5,Data!J5,Data!M5,Data!P5,Data!S5),"",IF(Data!$C5="Lower is better",100*(MAX(Data!D5,Data!G5,Data!J5,Data!M5,Data!P5,Data!S5)-Data!M5)/(MAX(Data!D5,Data!G5,Data!J5,Data!M5,Data!P5,Data!S5)-MIN(Data!D5,Data!G5,Data!J5,Data!M5,Data!P5,Data!S5)),100*(Data!M5-MIN(Data!D5,Data!G5,Data!J5,Data!M5,Data!P5,Data!S5))/(MAX(Data!D5,Data!G5,Data!J5,Data!M5,Data!P5,Data!S5)-MIN(Data!D5,Data!G5,Data!J5,Data!M5,Data!P5,Data!S5))))) | G4: =IF(COUNT(Data!D5,Data!G5,Data!J5,Data!M5,Data!P5,Data!S5)<6,"",IF(MAX(Data!D5,Data!G5,Data!J5,Data!M5,Data!P5,Data!S5)=MIN(Data!D5,Data!G5,Data!J5,Data!M5,Data!P5,Data!S5),"",IF(Data!$C5="Lower is better",100*(MAX(Data!D5,Data!G5,Data!J5,Data!M5,Data!P5,Data!S5)-Data!P5)/(MAX(Data!D5,Data!G5,Data!J5,Data!M5,Data!P5,Data!S5)-MIN(Data!D5,Data!G5,Data!J5,Data!M5,Data!P5,Data!S5)),100*(Data!P5-MIN(Data!D5,Data!G5,Data!J5,Data!M5,Data!P5,Data!S5))/(MAX(Data!D5,Data!G5,Data!J5,Data!M5,Data!P5,Data!S5)-MIN(Data!D5,Data!G5,Data!J5,Data!M5,Data!P5,Data!S5))))) | H4: =IF(COUNT(Data!D5,Data!G5,Data!J5,Data!M5,Data!P5,Data!S5)<6,"",IF(MAX(Data!D5,Data!G5,Data!J5,Data!M5,Data!P5,Data!S5)=MIN(Data!D5,Data!G5,Data!J5,Data!M5,Data!P5,Data!S5),"",IF(Data!$C5="Lower is better",100*(MAX(Data!D5,Data!G5,Data!J5,Data!M5,Data!P5,Data!S5)-Data!S5)/(MAX(Data!D5,Data!G5,Data!J5,Data!M5,Data!P5,Data!S5)-MIN(Data!D5,Data!G5,Data!J5,Data!M5,Data!P5,Data!S5)),100*(Data!S5-MIN(Data!D5,Data!G5,Data!J5,Data!M5,Data!P5,Data!S5))/(MAX(Data!D5,Data!G5,Data!J5,Data!M5,Data!P5,Data!S5)-MIN(Data!D5,Data!G5,Data!J5,Data!M5,Data!P5,Data!S5)))))
A5: =Indicators!A5 | B5: =Indicators!C5 | C5: =IF(COUNT(Data!D6,Data!G6,Data!J6,Data!M6,Data!P6,Data!S6)<6,"",IF(MAX(Data!D6,Data!G6,Data!J6,Data!M6,Data!P6,Data!S6)=MIN(Data!D6,Data!G6,Data!J6,Data!M6,Data!P6,Data!S6),"",IF(Data!$C6="Lower is better",100*(MAX(Data!D6,Data!G6,Data!J6,Data!M6,Data!P6,Data!S6)-Data!D6)/(MAX(Data!D6,Data!G6,Data!J6,Data!M6,Data!P6,Data!S6)-MIN(Data!D6,Data!G6,Data!J6,Data!M6,Data!P6,Data!S6)),100*(Data!D6-MIN(Data!D6,Data!G6,Data!J6,Data!M6,Data!P6,Data!S6))/(MAX(Data!D6,Data!G6,Data!J6,Data!M6,Data!P6,Data!S6)-MIN(Data!D6,Data!G6,Data!J6,Data!M6,Data!P6,Data!S6))))) | D5: =IF(COUNT(Data!D6,Data!G6,Data!J6,Data!M6,Data!P6,Data!S6)<6,"",IF(MAX(Data!D6,Data!G6,Data!J6,Data!M6,Data!P6,Data!S6)=MIN(Data!D6,Data!G6,Data!J6,Data!M6,Data!P6,Data!S6),"",IF(Data!$C6="Lower is better",100*(MAX(Data!D6,Data!G6,Data!J6,Data!M6,Data!P6,Data!S6)-Data!G6)/(MAX(Data!D6,Data!G6,Data!J6,Data!M6,Data!P6,Data!S6)-MIN(Data!D6,Data!G6,Data!J6,Data!M6,Data!P6,Data!S6)),100*(Data!G6-MIN(Data!D6,Data!G6,Data!J6,Data!M6,Data!P6,Data!S6))/(MAX(Data!D6,Data!G6,Data!J6,Data!M6,Data!P6,Data!S6)-MIN(Data!D6,Data!G6,Data!J6,Data!M6,Data!P6,Data!S6))))) | E5: =IF(COUNT(Data!D6,Data!G6,Data!J6,Data!M6,Data!P6,Data!S6)<6,"",IF(MAX(Data!D6,Data!G6,Data!J6,Data!M6,Data!P6,Data!S6)=MIN(Data!D6,Data!G6,Data!J6,Data!M6,Data!P6,Data!S6),"",IF(Data!$C6="Lower is better",100*(MAX(Data!D6,Data!G6,Data!J6,Data!M6,Data!P6,Data!S6)-Data!J6)/(MAX(Data!D6,Data!G6,Data!J6,Data!M6,Data!P6,Data!S6)-MIN(Data!D6,Data!G6,Data!J6,Data!M6,Data!P6,Data!S6)),100*(Data!J6-MIN(Data!D6,Data!G6,Data!J6,Data!M6,Data!P6,Data!S6))/(MAX(Data!D6,Data!G6,Data!J6,Data!M6,Data!P6,Data!S6)-MIN(Data!D6,Data!G6,Data!J6,Data!M6,Data!P6,Data!S6))))) | F5: =IF(COUNT(Data!D6,Data!G6,Data!J6,Data!M6,Data!P6,Data!S6)<6,"",IF(MAX(Data!D6,Data!G6,Data!J6,Data!M6,Data!P6,Data!S6)=MIN(Data!D6,Data!G6,Data!J6,Data!M6,Data!P6,Data!S6),"",IF(Data!$C6="Lower is better",100*(MAX(Data!D6,Data!G6,Data!J6,Data!M6,Data!P6,Data!S6)-Data!M6)/(MAX(Data!D6,Data!G6,Data!J6,Data!M6,Data!P6,Data!S6)-MIN(Data!D6,Data!G6,Data!J6,Data!M6,Data!P6,Data!S6)),100*(Data!M6-MIN(Data!D6,Data!G6,Data!J6,Data!M6,Data!P6,Data!S6))/(MAX(Data!D6,Data!G6,Data!J6,Data!M6,Data!P6,Data!S6)-MIN(Data!D6,Data!G6,Data!J6,Data!M6,Data!P6,Data!S6))))) | G5: =IF(COUNT(Data!D6,Data!G6,Data!J6,Data!M6,Data!P6,Data!S6)<6,"",IF(MAX(Data!D6,Data!G6,Data!J6,Data!M6,Data!P6,Data!S6)=MIN(Data!D6,Data!G6,Data!J6,Data!M6,Data!P6,Data!S6),"",IF(Data!$C6="Lower is better",100*(MAX(Data!D6,Data!G6,Data!J6,Data!M6,Data!P6,Data!S6)-Data!P6)/(MAX(Data!D6,Data!G6,Data!J6,Data!M6,Data!P6,Data!S6)-MIN(Data!D6,Data!G6,Data!J6,Data!M6,Data!P6,Data!S6)),100*(Data!P6-MIN(Data!D6,Data!G6,Data!J6,Data!M6,Data!P6,Data!S6))/(MAX(Data!D6,Data!G6,Data!J6,Data!M6,Data!P6,Data!S6)-MIN(Data!D6,Data!G6,Data!J6,Data!M6,Data!P6,Data!S6))))) | H5: =IF(COUNT(Data!D6,Data!G6,Data!J6,Data!M6,Data!P6,Data!S6)<6,"",IF(MAX(Data!D6,Data!G6,Data!J6,Data!M6,Data!P6,Data!S6)=MIN(Data!D6,Data!G6,Data!J6,Data!M6,Data!P6,Data!S6),"",IF(Data!$C6="Lower is better",100*(MAX(Data!D6,Data!G6,Data!J6,Data!M6,Data!P6,Data!S6)-Data!S6)/(MAX(Data!D6,Data!G6,Data!J6,Data!M6,Data!P6,Data!S6)-MIN(Data!D6,Data!G6,Data!J6,Data!M6,Data!P6,Data!S6)),100*(Data!S6-MIN(Data!D6,Data!G6,Data!J6,Data!M6,Data!P6,Data!S6))/(MAX(Data!D6,Data!G6,Data!J6,Data!M6,Data!P6,Data!S6)-MIN(Data!D6,Data!G6,Data!J6,Data!M6,Data!P6,Data!S6)))))
A6: =Indicators!A6 | B6: =Indicators!C6 | C6: =IF(COUNT(Data!D7,Data!G7,Data!J7,Data!M7,Data!P7,Data!S7)<6,"",IF(MAX(Data!D7,Data!G7,Data!J7,Data!M7,Data!P7,Data!S7)=MIN(Data!D7,Data!G7,Data!J7,Data!M7,Data!P7,Data!S7),"",IF(Data!$C7="Lower is better",100*(MAX(Data!D7,Data!G7,Data!J7,Data!M7,Data!P7,Data!S7)-Data!D7)/(MAX(Data!D7,Data!G7,Data!J7,Data!M7,Data!P7,Data!S7)-MIN(Data!D7,Data!G7,Data!J7,Data!M7,Data!P7,Data!S7)),100*(Data!D7-MIN(Data!D7,Data!G7,Data!J7,Data!M7,Data!P7,Data!S7))/(MAX(Data!D7,Data!G7,Data!J7,Data!M7,Data!P7,Data!S7)-MIN(Data!D7,Data!G7,Data!J7,Data!M7,Data!P7,Data!S7))))) | D6: =IF(COUNT(Data!D7,Data!G7,Data!J7,Data!M7,Data!P7,Data!S7)<6,"",IF(MAX(Data!D7,Data!G7,Data!J7,Data!M7,Data!P7,Data!S7)=MIN(Data!D7,Data!G7,Data!J7,Data!M7,Data!P7,Data!S7),"",IF(Data!$C7="Lower is better",100*(MAX(Data!D7,Data!G7,Data!J7,Data!M7,Data!P7,Data!S7)-Data!G7)/(MAX(Data!D7,Data!G7,Data!J7,Data!M7,Data!P7,Data!S7)-MIN(Data!D7,Data!G7,Data!J7,Data!M7,Data!P7,Data!S7)),100*(Data!G7-MIN(Data!D7,Data!G7,Data!J7,Data!M7,Data!P7,Data!S7))/(MAX(Data!D7,Data!G7,Data!J7,Data!M7,Data!P7,Data!S7)-MIN(Data!D7,Data!G7,Data!J7,Data!M7,Data!P7,Data!S7))))) | E6: =IF(COUNT(Data!D7,Data!G7,Data!J7,Data!M7,Data!P7,Data!S7)<6,"",IF(MAX(Data!D7,Data!G7,Data!J7,Data!M7,Data!P7,Data!S7)=MIN(Data!D7,Data!G7,Data!J7,Data!M7,Data!P7,Data!S7),"",IF(Data!$C7="Lower is better",100*(MAX(Data!D7,Data!G7,Data!J7,Data!M7,Data!P7,Data!S7)-Data!J7)/(MAX(Data!D7,Data!G7,Data!J7,Data!M7,Data!P7,Data!S7)-MIN(Data!D7,Data!G7,Data!J7,Data!M7,Data!P7,Data!S7)),100*(Data!J7-MIN(Data!D7,Data!G7,Data!J7,Data!M7,Data!P7,Data!S7))/(MAX(Data!D7,Data!G7,Data!J7,Data!M7,Data!P7,Data!S7)-MIN(Data!D7,Data!G7,Data!J7,Data!M7,Data!P7,Data!S7))))) | F6: =IF(COUNT(Data!D7,Data!G7,Data!J7,Data!M7,Data!P7,Data!S7)<6,"",IF(MAX(Data!D7,Data!G7,Data!J7,Data!M7,Data!P7,Data!S7)=MIN(Data!D7,Data!G7,Data!J7,Data!M7,Data!P7,Data!S7),"",IF(Data!$C7="Lower is better",100*(MAX(Data!D7,Data!G7,Data!J7,Data!M7,Data!P7,Data!S7)-Data!M7)/(MAX(Data!D7,Data!G7,Data!J7,Data!M7,Data!P7,Data!S7)-MIN(Data!D7,Data!G7,Data!J7,Data!M7,Data!P7,Data!S7)),100*(Data!M7-MIN(Data!D7,Data!G7,Data!J7,Data!M7,Data!P7,Data!S7))/(MAX(Data!D7,Data!G7,Data!J7,Data!M7,Data!P7,Data!S7)-MIN(Data!D7,Data!G7,Data!J7,Data!M7,Data!P7,Data!S7))))) | G6: =IF(COUNT(Data!D7,Data!G7,Data!J7,Data!M7,Data!P7,Data!S7)<6,"",IF(MAX(Data!D7,Data!G7,Data!J7,Data!M7,Data!P7,Data!S7)=MIN(Data!D7,Data!G7,Data!J7,Data!M7,Data!P7,Data!S7),"",IF(Data!$C7="Lower is better",100*(MAX(Data!D7,Data!G7,Data!J7,Data!M7,Data!P7,Data!S7)-Data!P7)/(MAX(Data!D7,Data!G7,Data!J7,Data!M7,Data!P7,Data!S7)-MIN(Data!D7,Data!G7,Data!J7,Data!M7,Data!P7,Data!S7)),100*(Data!P7-MIN(Data!D7,Data!G7,Data!J7,Data!M7,Data!P7,Data!S7))/(MAX(Data!D7,Data!G7,Data!J7,Data!M7,Data!P7,Data!S7)-MIN(Data!D7,Data!G7,Data!J7,Data!M7,Data!P7,Data!S7))))) | H6: =IF(COUNT(Data!D7,Data!G7,Data!J7,Data!M7,Data!P7,Data!S7)<6,"",IF(MAX(Data!D7,Data!G7,Data!J7,Data!M7,Data!P7,Data!S7)=MIN(Data!D7,Data!G7,Data!J7,Data!M7,Data!P7,Data!S7),"",IF(Data!$C7="Lower is better",100*(MAX(Data!D7,Data!G7,Data!J7,Data!M7,Data!P7,Data!S7)-Data!S7)/(MAX(Data!D7,Data!G7,Data!J7,Data!M7,Data!P7,Data!S7)-MIN(Data!D7,Data!G7,Data!J7,Data!M7,Data!P7,Data!S7)),100*(Data!S7-MIN(Data!D7,Data!G7,Data!J7,Data!M7,Data!P7,Data!S7))/(MAX(Data!D7,Data!G7,Data!J7,Data!M7,Data!P7,Data!S7)-MIN(Data!D7,Data!G7,Data!J7,Data!M7,Data!P7,Data!S7)))))
A7: =Indicators!A7 | B7: =Indicators!C7 | C7: =IF(COUNT(Data!D8,Data!G8,Data!J8,Data!M8,Data!P8,Data!S8)<6,"",IF(MAX(Data!D8,Data!G8,Data!J8,Data!M8,Data!P8,Data!S8)=MIN(Data!D8,Data!G8,Data!J8,Data!M8,Data!P8,Data!S8),"",IF(Data!$C8="Lower is better",100*(MAX(Data!D8,Data!G8,Data!J8,Data!M8,Data!P8,Data!S8)-Data!D8)/(MAX(Data!D8,Data!G8,Data!J8,Data!M8,Data!P8,Data!S8)-MIN(Data!D8,Data!G8,Data!J8,Data!M8,Data!P8,Data!S8)),100*(Data!D8-MIN(Data!D8,Data!G8,Data!J8,Data!M8,Data!P8,Data!S8))/(MAX(Data!D8,Data!G8,Data!J8,Data!M8,Data!P8,Data!S8)-MIN(Data!D8,Data!G8,Data!J8,Data!M8,Data!P8,Data!S8))))) | D7: =IF(COUNT(Data!D8,Data!G8,Data!J8,Data!M8,Data!P8,Data!S8)<6,"",IF(MAX(Data!D8,Data!G8,Data!J8,Data!M8,Data!P8,Data!S8)=MIN(Data!D8,Data!G8,Data!J8,Data!M8,Data!P8,Data!S8),"",IF(Data!$C8="Lower is better",100*(MAX(Data!D8,Data!G8,Data!J8,Data!M8,Data!P8,Data!S8)-Data!G8)/(MAX(Data!D8,Data!G8,Data!J8,Data!M8,Data!P8,Data!S8)-MIN(Data!D8,Data!G8,Data!J8,Data!M8,Data!P8,Data!S8)),100*(Data!G8-MIN(Data!D8,Data!G8,Data!J8,Data!M8,Data!P8,Data!S8))/(MAX(Data!D8,Data!G8,Data!J8,Data!M8,Data!P8,Data!S8)-MIN(Data!D8,Data!G8,Data!J8,Data!M8,Data!P8,Data!S8))))) | E7: =IF(COUNT(Data!D8,Data!G8,Data!J8,Data!M8,Data!P8,Data!S8)<6,"",IF(MAX(Data!D8,Data!G8,Data!J8,Data!M8,Data!P8,Data!S8)=MIN(Data!D8,Data!G8,Data!J8,Data!M8,Data!P8,Data!S8),"",IF(Data!$C8="Lower is better",100*(MAX(Data!D8,Data!G8,Data!J8,Data!M8,Data!P8,Data!S8)-Data!J8)/(MAX(Data!D8,Data!G8,Data!J8,Data!M8,Data!P8,Data!S8)-MIN(Data!D8,Data!G8,Data!J8,Data!M8,Data!P8,Data!S8)),100*(Data!J8-MIN(Data!D8,Data!G8,Data!J8,Data!M8,Data!P8,Data!S8))/(MAX(Data!D8,Data!G8,Data!J8,Data!M8,Data!P8,Data!S8)-MIN(Data!D8,Data!G8,Data!J8,Data!M8,Data!P8,Data!S8))))) | F7: =IF(COUNT(Data!D8,Data!G8,Data!J8,Data!M8,Data!P8,Data!S8)<6,"",IF(MAX(Data!D8,Data!G8,Data!J8,Data!M8,Data!P8,Data!S8)=MIN(Data!D8,Data!G8,Data!J8,Data!M8,Data!P8,Data!S8),"",IF(Data!$C8="Lower is better",100*(MAX(Data!D8,Data!G8,Data!J8,Data!M8,Data!P8,Data!S8)-Data!M8)/(MAX(Data!D8,Data!G8,Data!J8,Data!M8,Data!P8,Data!S8)-MIN(Data!D8,Data!G8,Data!J8,Data!M8,Data!P8,Data!S8)),100*(Data!M8-MIN(Data!D8,Data!G8,Data!J8,Data!M8,Data!P8,Data!S8))/(MAX(Data!D8,Data!G8,Data!J8,Data!M8,Data!P8,Data!S8)-MIN(Data!D8,Data!G8,Data!J8,Data!M8,Data!P8,Data!S8))))) | G7: =IF(COUNT(Data!D8,Data!G8,Data!J8,Data!M8,Data!P8,Data!S8)<6,"",IF(MAX(Data!D8,Data!G8,Data!J8,Data!M8,Data!P8,Data!S8)=MIN(Data!D8,Data!G8,Data!J8,Data!M8,Data!P8,Data!S8),"",IF(Data!$C8="Lower is better",100*(MAX(Data!D8,Data!G8,Data!J8,Data!M8,Data!P8,Data!S8)-Data!P8)/(MAX(Data!D8,Data!G8,Data!J8,Data!M8,Data!P8,Data!S8)-MIN(Data!D8,Data!G8,Data!J8,Data!M8,Data!P8,Data!S8)),100*(Data!P8-MIN(Data!D8,Data!G8,Data!J8,Data!M8,Data!P8,Data!S8))/(MAX(Data!D8,Data!G8,Data!J8,Data!M8,Data!P8,Data!S8)-MIN(Data!D8,Data!G8,Data!J8,Data!M8,Data!P8,Data!S8))))) | H7: =IF(COUNT(Data!D8,Data!G8,Data!J8,Data!M8,Data!P8,Data!S8)<6,"",IF(MAX(Data!D8,Data!G8,Data!J8,Data!M8,Data!P8,Data!S8)=MIN(Data!D8,Data!G8,Data!J8,Data!M8,Data!P8,Data!S8),"",IF(Data!$C8="Lower is better",100*(MAX(Data!D8,Data!G8,Data!J8,Data!M8,Data!P8,Data!S8)-Data!S8)/(MAX(Data!D8,Data!G8,Data!J8,Data!M8,Data!P8,Data!S8)-MIN(Data!D8,Data!G8,Data!J8,Data!M8,Data!P8,Data!S8)),100*(Data!S8-MIN(Data!D8,Data!G8,Data!J8,Data!M8,Data!P8,Data!S8))/(MAX(Data!D8,Data!G8,Data!J8,Data!M8,Data!P8,Data!S8)-MIN(Data!D8,Data!G8,Data!J8,Data!M8,Data!P8,Data!S8)))))
A8: =Indicators!A8 | B8: =Indicators!C8 | C8: =IF(COUNT(Data!D9,Data!G9,Data!J9,Data!M9,Data!P9,Data!S9)<6,"",IF(MAX(Data!D9,Data!G9,Data!J9,Data!M9,Data!P9,Data!S9)=MIN(Data!D9,Data!G9,Data!J9,Data!M9,Data!P9,Data!S9),"",IF(Data!$C9="Lower is better",100*(MAX(Data!D9,Data!G9,Data!J9,Data!M9,Data!P9,Data!S9)-Data!D9)/(MAX(Data!D9,Data!G9,Data!J9,Data!M9,Data!P9,Data!S9)-MIN(Data!D9,Data!G9,Data!J9,Data!M9,Data!P9,Data!S9)),100*(Data!D9-MIN(Data!D9,Data!G9,Data!J9,Data!M9,Data!P9,Data!S9))/(MAX(Data!D9,Data!G9,Data!J9,Data!M9,Data!P9,Data!S9)-MIN(Data!D9,Data!G9,Data!J9,Data!M9,Data!P9,Data!S9))))) | D8: =IF(COUNT(Data!D9,Data!G9,Data!J9,Data!M9,Data!P9,Data!S9)<6,"",IF(MAX(Data!D9,Data!G9,Data!J9,Data!M9,Data!P9,Data!S9)=MIN(Data!D9,Data!G9,Data!J9,Data!M9,Data!P9,Data!S9),"",IF(Data!$C9="Lower is better",100*(MAX(Data!D9,Data!G9,Data!J9,Data!M9,Data!P9,Data!S9)-Data!G9)/(MAX(Data!D9,Data!G9,Data!J9,Data!M9,Data!P9,Data!S9)-MIN(Data!D9,Data!G9,Data!J9,Data!M9,Data!P9,Data!S9)),100*(Data!G9-MIN(Data!D9,Data!G9,Data!J9,Data!M9,Data!P9,Data!S9))/(MAX(Data!D9,Data!G9,Data!J9,Data!M9,Data!P9,Data!S9)-MIN(Data!D9,Data!G9,Data!J9,Data!M9,Data!P9,Data!S9))))) | E8: =IF(COUNT(Data!D9,Data!G9,Data!J9,Data!M9,Data!P9,Data!S9)<6,"",IF(MAX(Data!D9,Data!G9,Data!J9,Data!M9,Data!P9,Data!S9)=MIN(Data!D9,Data!G9,Data!J9,Data!M9,Data!P9,Data!S9),"",IF(Data!$C9="Lower is better",100*(MAX(Data!D9,Data!G9,Data!J9,Data!M9,Data!P9,Data!S9)-Data!J9)/(MAX(Data!D9,Data!G9,Data!J9,Data!M9,Data!P9,Data!S9)-MIN(Data!D9,Data!G9,Data!J9,Data!M9,Data!P9,Data!S9)),100*(Data!J9-MIN(Data!D9,Data!G9,Data!J9,Data!M9,Data!P9,Data!S9))/(MAX(Data!D9,Data!G9,Data!J9,Data!M9,Data!P9,Data!S9)-MIN(Data!D9,Data!G9,Data!J9,Data!M9,Data!P9,Data!S9))))) | F8: =IF(COUNT(Data!D9,Data!G9,Data!J9,Data!M9,Data!P9,Data!S9)<6,"",IF(MAX(Data!D9,Data!G9,Data!J9,Data!M9,Data!P9,Data!S9)=MIN(Data!D9,Data!G9,Data!J9,Data!M9,Data!P9,Data!S9),"",IF(Data!$C9="Lower is better",100*(MAX(Data!D9,Data!G9,Data!J9,Data!M9,Data!P9,Data!S9)-Data!M9)/(MAX(Data!D9,Data!G9,Data!J9,Data!M9,Data!P9,Data!S9)-MIN(Data!D9,Data!G9,Data!J9,Data!M9,Data!P9,Data!S9)),100*(Data!M9-MIN(Data!D9,Data!G9,Data!J9,Data!M9,Data!P9,Data!S9))/(MAX(Data!D9,Data!G9,Data!J9,Data!M9,Data!P9,Data!S9)-MIN(Data!D9,Data!G9,Data!J9,Data!M9,Data!P9,Data!S9))))) | G8: =IF(COUNT(Data!D9,Data!G9,Data!J9,Data!M9,Data!P9,Data!S9)<6,"",IF(MAX(Data!D9,Data!G9,Data!J9,Data!M9,Data!P9,Data!S9)=MIN(Data!D9,Data!G9,Data!J9,Data!M9,Data!P9,Data!S9),"",IF(Data!$C9="Lower is better",100*(MAX(Data!D9,Data!G9,Data!J9,Data!M9,Data!P9,Data!S9)-Data!P9)/(MAX(Data!D9,Data!G9,Data!J9,Data!M9,Data!P9,Data!S9)-MIN(Data!D9,Data!G9,Data!J9,Data!M9,Data!P9,Data!S9)),100*(Data!P9-MIN(Data!D9,Data!G9,Data!J9,Data!M9,Data!P9,Data!S9))/(MAX(Data!D9,Data!G9,Data!J9,Data!M9,Data!P9,Data!S9)-MIN(Data!D9,Data!G9,Data!J9,Data!M9,Data!P9,Data!S9))))) | H8: =IF(COUNT(Data!D9,Data!G9,Data!J9,Data!M9,Data!P9,Data!S9)<6,"",IF(MAX(Data!D9,Data!G9,Data!J9,Data!M9,Data!P9,Data!S9)=MIN(Data!D9,Data!G9,Data!J9,Data!M9,Data!P9,Data!S9),"",IF(Data!$C9="Lower is better",100*(MAX(Data!D9,Data!G9,Data!J9,Data!M9,Data!P9,Data!S9)-Data!S9)/(MAX(Data!D9,Data!G9,Data!J9,Data!M9,Data!P9,Data!S9)-MIN(Data!D9,Data!G9,Data!J9,Data!M9,Data!P9,Data!S9)),100*(Data!S9-MIN(Data!D9,Data!G9,Data!J9,Data!M9,Data!P9,Data!S9))/(MAX(Data!D9,Data!G9,Data!J9,Data!M9,Data!P9,Data!S9)-MIN(Data!D9,Data!G9,Data!J9,Data!M9,Data!P9,Data!S9)))))
A9: =Indicators!A9 | B9: =Indicators!C9 | C9: =IF(COUNT(Data!D10,Data!G10,Data!J10,Data!M10,Data!P10,Data!S10)<6,"",IF(MAX(Data!D10,Data!G10,Data!J10,Data!M10,Data!P10,Data!S10)=MIN(Data!D10,Data!G10,Data!J10,Data!M10,Data!P10,Data!S10),"",IF(Data!$C10="Lower is better",100*(MAX(Data!D10,Data!G10,Data!J10,Data!M10,Data!P10,Data!S10)-Data!D10)/(MAX(Data!D10,Data!G10,Data!J10,Data!M10,Data!P10,Data!S10)-MIN(Data!D10,Data!G10,Data!J10,Data!M10,Data!P10,Data!S10)),100*(Data!D10-MIN(Data!D10,Data!G10,Data!J10,Data!M10,Data!P10,Data!S10))/(MAX(Data!D10,Data!G10,Data!J10,Data!M10,Data!P10,Data!S10)-MIN(Data!D10,Data!G10,Data!J10,Data!M10,Data!P10,Data!S10))))) | D9: =IF(COUNT(Data!D10,Data!G10,Data!J10,Data!M10,Data!P10,Data!S10)<6,"",IF(MAX(Data!D10,Data!G10,Data!J10,Data!M10,Data!P10,Data!S10)=MIN(Data!D10,Data!G10,Data!J10,Data!M10,Data!P10,Data!S10),"",IF(Data!$C10="Lower is better",100*(MAX(Data!D10,Data!G10,Data!J10,Data!M10,Data!P10,Data!S10)-Data!G10)/(MAX(Data!D10,Data!G10,Data!J10,Data!M10,Data!P10,Data!S10)-MIN(Data!D10,Data!G10,Data!J10,Data!M10,Data!P10,Data!S10)),100*(Data!G10-MIN(Data!D10,Data!G10,Data!J10,Data!M10,Data!P10,Data!S10))/(MAX(Data!D10,Data!G10,Data!J10,Data!M10,Data!P10,Data!S10)-MIN(Data!D10,Data!G10,Data!J10,Data!M10,Data!P10,Data!S10))))) | E9: =IF(COUNT(Data!D10,Data!G10,Data!J10,Data!M10,Data!P10,Data!S10)<6,"",IF(MAX(Data!D10,Data!G10,Data!J10,Data!M10,Data!P10,Data!S10)=MIN(Data!D10,Data!G10,Data!J10,Data!M10,Data!P10,Data!S10),"",IF(Data!$C10="Lower is better",100*(MAX(Data!D10,Data!G10,Data!J10,Data!M10,Data!P10,Data!S10)-Data!J10)/(MAX(Data!D10,Data!G10,Data!J10,Data!M10,Data!P10,Data!S10)-MIN(Data!D10,Data!G10,Data!J10,Data!M10,Data!P10,Data!S10)),100*(Data!J10-MIN(Data!D10,Data!G10,Data!J10,Data!M10,Data!P10,Data!S10))/(MAX(Data!D10,Data!G10,Data!J10,Data!M10,Data!P10,Data!S10)-MIN(Data!D10,Data!G10,Data!J10,Data!M10,Data!P10,Data!S10))))) | F9: =IF(COUNT(Data!D10,Data!G10,Data!J10,Data!M10,Data!P10,Data!S10)<6,"",IF(MAX(Data!D10,Data!G10,Data!J10,Data!M10,Data!P10,Data!S10)=MIN(Data!D10,Data!G10,Data!J10,Data!M10,Data!P10,Data!S10),"",IF(Data!$C10="Lower is better",100*(MAX(Data!D10,Data!G10,Data!J10,Data!M10,Data!P10,Data!S10)-Data!M10)/(MAX(Data!D10,Data!G10,Data!J10,Data!M10,Data!P10,Data!S10)-MIN(Data!D10,Data!G10,Data!J10,Data!M10,Data!P10,Data!S10)),100*(Data!M10-MIN(Data!D10,Data!G10,Data!J10,Data!M10,Data!P10,Data!S10))/(MAX(Data!D10,Data!G10,Data!J10,Data!M10,Data!P10,Data!S10)-MIN(Data!D10,Data!G10,Data!J10,Data!M10,Data!P10,Data!S10))))) | G9: =IF(COUNT(Data!D10,Data!G10,Data!J10,Data!M10,Data!P10,Data!S10)<6,"",IF(MAX(Data!D10,Data!G10,Data!J10,Data!M10,Data!P10,Data!S10)=MIN(Data!D10,Data!G10,Data!J10,Data!M10,Data!P10,Data!S10),"",IF(Data!$C10="Lower is better",100*(MAX(Data!D10,Data!G10,Data!J10,Data!M10,Data!P10,Data!S10)-Data!P10)/(MAX(Data!D10,Data!G10,Data!J10,Data!M10,Data!P10,Data!S10)-MIN(Data!D10,Data!G10,Data!J10,Data!M10,Data!P10,Data!S10)),100*(Data!P10-MIN(Data!D10,Data!G10,Data!J10,Data!M10,Data!P10,Data!S10))/(MAX(Data!D10,Data!G10,Data!J10,Data!M10,Data!P10,Data!S10)-MIN(Data!D10,Data!G10,Data!J10,Data!M10,Data!P10,Data!S10))))) | H9: =IF(COUNT(Data!D10,Data!G10,Data!J10,Data!M10,Data!P10,Data!S10)<6,"",IF(MAX(Data!D10,Data!G10,Data!J10,Data!M10,Data!P10,Data!S10)=MIN(Data!D10,Data!G10,Data!J10,Data!M10,Data!P10,Data!S10),"",IF(Data!$C10="Lower is better",100*(MAX(Data!D10,Data!G10,Data!J10,Data!M10,Data!P10,Data!S10)-Data!S10)/(MAX(Data!D10,Data!G10,Data!J10,Data!M10,Data!P10,Data!S10)-MIN(Data!D10,Data!G10,Data!J10,Data!M10,Data!P10,Data!S10)),100*(Data!S10-MIN(Data!D10,Data!G10,Data!J10,Data!M10,Data!P10,Data!S10))/(MAX(Data!D10,Data!G10,Data!J10,Data!M10,Data!P10,Data!S10)-MIN(Data!D10,Data!G10,Data!J10,Data!M10,Data!P10,Data!S10)))))
A10: =Indicators!A10 | B10: =Indicators!C10 | C10: =IF(COUNT(Data!D11,Data!G11,Data!J11,Data!M11,Data!P11,Data!S11)<6,"",IF(MAX(Data!D11,Data!G11,Data!J11,Data!M11,Data!P11,Data!S11)=MIN(Data!D11,Data!G11,Data!J11,Data!M11,Data!P11,Data!S11),"",IF(Data!$C11="Lower is better",100*(MAX(Data!D11,Data!G11,Data!J11,Data!M11,Data!P11,Data!S11)-Data!D11)/(MAX(Data!D11,Data!G11,Data!J11,Data!M11,Data!P11,Data!S11)-MIN(Data!D11,Data!G11,Data!J11,Data!M11,Data!P11,Data!S11)),100*(Data!D11-MIN(Data!D11,Data!G11,Data!J11,Data!M11,Data!P11,Data!S11))/(MAX(Data!D11,Data!G11,Data!J11,Data!M11,Data!P11,Data!S11)-MIN(Data!D11,Data!G11,Data!J11,Data!M11,Data!P11,Data!S11))))) | D10: =IF(COUNT(Data!D11,Data!G11,Data!J11,Data!M11,Data!P11,Data!S11)<6,"",IF(MAX(Data!D11,Data!G11,Data!J11,Data!M11,Data!P11,Data!S11)=MIN(Data!D11,Data!G11,Data!J11,Data!M11,Data!P11,Data!S11),"",IF(Data!$C11="Lower is better",100*(MAX(Data!D11,Data!G11,Data!J11,Data!M11,Data!P11,Data!S11)-Data!G11)/(MAX(Data!D11,Data!G11,Data!J11,Data!M11,Data!P11,Data!S11)-MIN(Data!D11,Data!G11,Data!J11,Data!M11,Data!P11,Data!S11)),100*(Data!G11-MIN(Data!D11,Data!G11,Data!J11,Data!M11,Data!P11,Data!S11))/(MAX(Data!D11,Data!G11,Data!J11,Data!M11,Data!P11,Data!S11)-MIN(Data!D11,Data!G11,Data!J11,Data!M11,Data!P11,Data!S11))))) | E10: =IF(COUNT(Data!D11,Data!G11,Data!J11,Data!M11,Data!P11,Data!S11)<6,"",IF(MAX(Data!D11,Data!G11,Data!J11,Data!M11,Data!P11,Data!S11)=MIN(Data!D11,Data!G11,Data!J11,Data!M11,Data!P11,Data!S11),"",IF(Data!$C11="Lower is better",100*(MAX(Data!D11,Data!G11,Data!J11,Data!M11,Data!P11,Data!S11)-Data!J11)/(MAX(Data!D11,Data!G11,Data!J11,Data!M11,Data!P11,Data!S11)-MIN(Data!D11,Data!G11,Data!J11,Data!M11,Data!P11,Data!S11)),100*(Data!J11-MIN(Data!D11,Data!G11,Data!J11,Data!M11,Data!P11,Data!S11))/(MAX(Data!D11,Data!G11,Data!J11,Data!M11,Data!P11,Data!S11)-MIN(Data!D11,Data!G11,Data!J11,Data!M11,Data!P11,Data!S11))))) | F10: =IF(COUNT(Data!D11,Data!G11,Data!J11,Data!M11,Data!P11,Data!S11)<6,"",IF(MAX(Data!D11,Data!G11,Data!J11,Data!M11,Data!P11,Data!S11)=MIN(Data!D11,Data!G11,Data!J11,Data!M11,Data!P11,Data!S11),"",IF(Data!$C11="Lower is better",100*(MAX(Data!D11,Data!G11,Data!J11,Data!M11,Data!P11,Data!S11)-Data!M11)/(MAX(Data!D11,Data!G11,Data!J11,Data!M11,Data!P11,Data!S11)-MIN(Data!D11,Data!G11,Data!J11,Data!M11,Data!P11,Data!S11)),100*(Data!M11-MIN(Data!D11,Data!G11,Data!J11,Data!M11,Data!P11,Data!S11))/(MAX(Data!D11,Data!G11,Data!J11,Data!M11,Data!P11,Data!S11)-MIN(Data!D11,Data!G11,Data!J11,Data!M11,Data!P11,Data!S11))))) | G10: =IF(COUNT(Data!D11,Data!G11,Data!J11,Data!M11,Data!P11,Data!S11)<6,"",IF(MAX(Data!D11,Data!G11,Data!J11,Data!M11,Data!P11,Data!S11)=MIN(Data!D11,Data!G11,Data!J11,Data!M11,Data!P11,Data!S11),"",IF(Data!$C11="Lower is better",100*(MAX(Data!D11,Data!G11,Data!J11,Data!M11,Data!P11,Data!S11)-Data!P11)/(MAX(Data!D11,Data!G11,Data!J11,Data!M11,Data!P11,Data!S11)-MIN(Data!D11,Data!G11,Data!J11,Data!M11,Data!P11,Data!S11)),100*(Data!P11-MIN(Data!D11,Data!G11,Data!J11,Data!M11,Data!P11,Data!S11))/(MAX(Data!D11,Data!G11,Data!J11,Data!M11,Data!P11,Data!S11)-MIN(Data!D11,Data!G11,Data!J11,Data!M11,Data!P11,Data!S11))))) | H10: =IF(COUNT(Data!D11,Data!G11,Data!J11,Data!M11,Data!P11,Data!S11)<6,"",IF(MAX(Data!D11,Data!G11,Data!J11,Data!M11,Data!P11,Data!S11)=MIN(Data!D11,Data!G11,Data!J11,Data!M11,Data!P11,Data!S11),"",IF(Data!$C11="Lower is better",100*(MAX(Data!D11,Data!G11,Data!J11,Data!M11,Data!P11,Data!S11)-Data!S11)/(MAX(Data!D11,Data!G11,Data!J11,Data!M11,Data!P11,Data!S11)-MIN(Data!D11,Data!G11,Data!J11,Data!M11,Data!P11,Data!S11)),100*(Data!S11-MIN(Data!D11,Data!G11,Data!J11,Data!M11,Data!P11,Data!S11))/(MAX(Data!D11,Data!G11,Data!J11,Data!M11,Data!P11,Data!S11)-MIN(Data!D11,Data!G11,Data!J11,Data!M11,Data!P11,Data!S11)))))
A11: =Indicators!A11 | B11: =Indicators!C11 | C11: =IF(COUNT(Data!D12,Data!G12,Data!J12,Data!M12,Data!P12,Data!S12)<6,"",IF(MAX(Data!D12,Data!G12,Data!J12,Data!M12,Data!P12,Data!S12)=MIN(Data!D12,Data!G12,Data!J12,Data!M12,Data!P12,Data!S12),"",IF(Data!$C12="Lower is better",100*(MAX(Data!D12,Data!G12,Data!J12,Data!M12,Data!P12,Data!S12)-Data!D12)/(MAX(Data!D12,Data!G12,Data!J12,Data!M12,Data!P12,Data!S12)-MIN(Data!D12,Data!G12,Data!J12,Data!M12,Data!P12,Data!S12)),100*(Data!D12-MIN(Data!D12,Data!G12,Data!J12,Data!M12,Data!P12,Data!S12))/(MAX(Data!D12,Data!G12,Data!J12,Data!M12,Data!P12,Data!S12)-MIN(Data!D12,Data!G12,Data!J12,Data!M12,Data!P12,Data!S12))))) | D11: =IF(COUNT(Data!D12,Data!G12,Data!J12,Data!M12,Data!P12,Data!S12)<6,"",IF(MAX(Data!D12,Data!G12,Data!J12,Data!M12,Data!P12,Data!S12)=MIN(Data!D12,Data!G12,Data!J12,Data!M12,Data!P12,Data!S12),"",IF(Data!$C12="Lower is better",100*(MAX(Data!D12,Data!G12,Data!J12,Data!M12,Data!P12,Data!S12)-Data!G12)/(MAX(Data!D12,Data!G12,Data!J12,Data!M12,Data!P12,Data!S12)-MIN(Data!D12,Data!G12,Data!J12,Data!M12,Data!P12,Data!S12)),100*(Data!G12-MIN(Data!D12,Data!G12,Data!J12,Data!M12,Data!P12,Data!S12))/(MAX(Data!D12,Data!G12,Data!J12,Data!M12,Data!P12,Data!S12)-MIN(Data!D12,Data!G12,Data!J12,Data!M12,Data!P12,Data!S12))))) | E11: =IF(COUNT(Data!D12,Data!G12,Data!J12,Data!M12,Data!P12,Data!S12)<6,"",IF(MAX(Data!D12,Data!G12,Data!J12,Data!M12,Data!P12,Data!S12)=MIN(Data!D12,Data!G12,Data!J12,Data!M12,Data!P12,Data!S12),"",IF(Data!$C12="Lower is better",100*(MAX(Data!D12,Data!G12,Data!J12,Data!M12,Data!P12,Data!S12)-Data!J12)/(MAX(Data!D12,Data!G12,Data!J12,Data!M12,Data!P12,Data!S12)-MIN(Data!D12,Data!G12,Data!J12,Data!M12,Data!P12,Data!S12)),100*(Data!J12-MIN(Data!D12,Data!G12,Data!J12,Data!M12,Data!P12,Data!S12))/(MAX(Data!D12,Data!G12,Data!J12,Data!M12,Data!P12,Data!S12)-MIN(Data!D12,Data!G12,Data!J12,Data!M12,Data!P12,Data!S12))))) | F11: =IF(COUNT(Data!D12,Data!G12,Data!J12,Data!M12,Data!P12,Data!S12)<6,"",IF(MAX(Data!D12,Data!G12,Data!J12,Data!M12,Data!P12,Data!S12)=MIN(Data!D12,Data!G12,Data!J12,Data!M12,Data!P12,Data!S12),"",IF(Data!$C12="Lower is better",100*(MAX(Data!D12,Data!G12,Data!J12,Data!M12,Data!P12,Data!S12)-Data!M12)/(MAX(Data!D12,Data!G12,Data!J12,Data!M12,Data!P12,Data!S12)-MIN(Data!D12,Data!G12,Data!J12,Data!M12,Data!P12,Data!S12)),100*(Data!M12-MIN(Data!D12,Data!G12,Data!J12,Data!M12,Data!P12,Data!S12))/(MAX(Data!D12,Data!G12,Data!J12,Data!M12,Data!P12,Data!S12)-MIN(Data!D12,Data!G12,Data!J12,Data!M12,Data!P12,Data!S12))))) | G11: =IF(COUNT(Data!D12,Data!G12,Data!J12,Data!M12,Data!P12,Data!S12)<6,"",IF(MAX(Data!D12,Data!G12,Data!J12,Data!M12,Data!P12,Data!S12)=MIN(Data!D12,Data!G12,Data!J12,Data!M12,Data!P12,Data!S12),"",IF(Data!$C12="Lower is better",100*(MAX(Data!D12,Data!G12,Data!J12,Data!M12,Data!P12,Data!S12)-Data!P12)/(MAX(Data!D12,Data!G12,Data!J12,Data!M12,Data!P12,Data!S12)-MIN(Data!D12,Data!G12,Data!J12,Data!M12,Data!P12,Data!S12)),100*(Data!P12-MIN(Data!D12,Data!G12,Data!J12,Data!M12,Data!P12,Data!S12))/(MAX(Data!D12,Data!G12,Data!J12,Data!M12,Data!P12,Data!S12)-MIN(Data!D12,Data!G12,Data!J12,Data!M12,Data!P12,Data!S12))))) | H11: =IF(COUNT(Data!D12,Data!G12,Data!J12,Data!M12,Data!P12,Data!S12)<6,"",IF(MAX(Data!D12,Data!G12,Data!J12,Data!M12,Data!P12,Data!S12)=MIN(Data!D12,Data!G12,Data!J12,Data!M12,Data!P12,Data!S12),"",IF(Data!$C12="Lower is better",100*(MAX(Data!D12,Data!G12,Data!J12,Data!M12,Data!P12,Data!S12)-Data!S12)/(MAX(Data!D12,Data!G12,Data!J12,Data!M12,Data!P12,Data!S12)-MIN(Data!D12,Data!G12,Data!J12,Data!M12,Data!P12,Data!S12)),100*(Data!S12-MIN(Data!D12,Data!G12,Data!J12,Data!M12,Data!P12,Data!S12))/(MAX(Data!D12,Data!G12,Data!J12,Data!M12,Data!P12,Data!S12)-MIN(Data!D12,Data!G12,Data!J12,Data!M12,Data!P12,Data!S12)))))
A12: =Indicators!A12 | B12: =Indicators!C12 | C12: =IF(COUNT(Data!D13,Data!G13,Data!J13,Data!M13,Data!P13,Data!S13)<6,"",IF(MAX(Data!D13,Data!G13,Data!J13,Data!M13,Data!P13,Data!S13)=MIN(Data!D13,Data!G13,Data!J13,Data!M13,Data!P13,Data!S13),"",IF(Data!$C13="Lower is better",100*(MAX(Data!D13,Data!G13,Data!J13,Data!M13,Data!P13,Data!S13)-Data!D13)/(MAX(Data!D13,Data!G13,Data!J13,Data!M13,Data!P13,Data!S13)-MIN(Data!D13,Data!G13,Data!J13,Data!M13,Data!P13,Data!S13)),100*(Data!D13-MIN(Data!D13,Data!G13,Data!J13,Data!M13,Data!P13,Data!S13))/(MAX(Data!D13,Data!G13,Data!J13,Data!M13,Data!P13,Data!S13)-MIN(Data!D13,Data!G13,Data!J13,Data!M13,Data!P13,Data!S13))))) | D12: =IF(COUNT(Data!D13,Data!G13,Data!J13,Data!M13,Data!P13,Data!S13)<6,"",IF(MAX(Data!D13,Data!G13,Data!J13,Data!M13,Data!P13,Data!S13)=MIN(Data!D13,Data!G13,Data!J13,Data!M13,Data!P13,Data!S13),"",IF(Data!$C13="Lower is better",100*(MAX(Data!D13,Data!G13,Data!J13,Data!M13,Data!P13,Data!S13)-Data!G13)/(MAX(Data!D13,Data!G13,Data!J13,Data!M13,Data!P13,Data!S13)-MIN(Data!D13,Data!G13,Data!J13,Data!M13,Data!P13,Data!S13)),100*(Data!G13-MIN(Data!D13,Data!G13,Data!J13,Data!M13,Data!P13,Data!S13))/(MAX(Data!D13,Data!G13,Data!J13,Data!M13,Data!P13,Data!S13)-MIN(Data!D13,Data!G13,Data!J13,Data!M13,Data!P13,Data!S13))))) | E12: =IF(COUNT(Data!D13,Data!G13,Data!J13,Data!M13,Data!P13,Data!S13)<6,"",IF(MAX(Data!D13,Data!G13,Data!J13,Data!M13,Data!P13,Data!S13)=MIN(Data!D13,Data!G13,Data!J13,Data!M13,Data!P13,Data!S13),"",IF(Data!$C13="Lower is better",100*(MAX(Data!D13,Data!G13,Data!J13,Data!M13,Data!P13,Data!S13)-Data!J13)/(MAX(Data!D13,Data!G13,Data!J13,Data!M13,Data!P13,Data!S13)-MIN(Data!D13,Data!G13,Data!J13,Data!M13,Data!P13,Data!S13)),100*(Data!J13-MIN(Data!D13,Data!G13,Data!J13,Data!M13,Data!P13,Data!S13))/(MAX(Data!D13,Data!G13,Data!J13,Data!M13,Data!P13,Data!S13)-MIN(Data!D13,Data!G13,Data!J13,Data!M13,Data!P13,Data!S13))))) | F12: =IF(COUNT(Data!D13,Data!G13,Data!J13,Data!M13,Data!P13,Data!S13)<6,"",IF(MAX(Data!D13,Data!G13,Data!J13,Data!M13,Data!P13,Data!S13)=MIN(Data!D13,Data!G13,Data!J13,Data!M13,Data!P13,Data!S13),"",IF(Data!$C13="Lower is better",100*(MAX(Data!D13,Data!G13,Data!J13,Data!M13,Data!P13,Data!S13)-Data!M13)/(MAX(Data!D13,Data!G13,Data!J13,Data!M13,Data!P13,Data!S13)-MIN(Data!D13,Data!G13,Data!J13,Data!M13,Data!P13,Data!S13)),100*(Data!M13-MIN(Data!D13,Data!G13,Data!J13,Data!M13,Data!P13,Data!S13))/(MAX(Data!D13,Data!G13,Data!J13,Data!M13,Data!P13,Data!S13)-MIN(Data!D13,Data!G13,Data!J13,Data!M13,Data!P13,Data!S13))))) | G12: =IF(COUNT(Data!D13,Data!G13,Data!J13,Data!M13,Data!P13,Data!S13)<6,"",IF(MAX(Data!D13,Data!G13,Data!J13,Data!M13,Data!P13,Data!S13)=MIN(Data!D13,Data!G13,Data!J13,Data!M13,Data!P13,Data!S13),"",IF(Data!$C13="Lower is better",100*(MAX(Data!D13,Data!G13,Data!J13,Data!M13,Data!P13,Data!S13)-Data!P13)/(MAX(Data!D13,Data!G13,Data!J13,Data!M13,Data!P13,Data!S13)-MIN(Data!D13,Data!G13,Data!J13,Data!M13,Data!P13,Data!S13)),100*(Data!P13-MIN(Data!D13,Data!G13,Data!J13,Data!M13,Data!P13,Data!S13))/(MAX(Data!D13,Data!G13,Data!J13,Data!M13,Data!P13,Data!S13)-MIN(Data!D13,Data!G13,Data!J13,Data!M13,Data!P13,Data!S13))))) | H12: =IF(COUNT(Data!D13,Data!G13,Data!J13,Data!M13,Data!P13,Data!S13)<6,"",IF(MAX(Data!D13,Data!G13,Data!J13,Data!M13,Data!P13,Data!S13)=MIN(Data!D13,Data!G13,Data!J13,Data!M13,Data!P13,Data!S13),"",IF(Data!$C13="Lower is better",100*(MAX(Data!D13,Data!G13,Data!J13,Data!M13,Data!P13,Data!S13)-Data!S13)/(MAX(Data!D13,Data!G13,Data!J13,Data!M13,Data!P13,Data!S13)-MIN(Data!D13,Data!G13,Data!J13,Data!M13,Data!P13,Data!S13)),100*(Data!S13-MIN(Data!D13,Data!G13,Data!J13,Data!M13,Data!P13,Data!S13))/(MAX(Data!D13,Data!G13,Data!J13,Data!M13,Data!P13,Data!S13)-MIN(Data!D13,Data!G13,Data!J13,Data!M13,Data!P13,Data!S13)))))
A13: =Indicators!A13 | B13: =Indicators!C13 | C13: =IF(COUNT(Data!D14,Data!G14,Data!J14,Data!M14,Data!P14,Data!S14)<6,"",IF(MAX(Data!D14,Data!G14,Data!J14,Data!M14,Data!P14,Data!S14)=MIN(Data!D14,Data!G14,Data!J14,Data!M14,Data!P14,Data!S14),"",IF(Data!$C14="Lower is better",100*(MAX(Data!D14,Data!G14,Data!J14,Data!M14,Data!P14,Data!S14)-Data!D14)/(MAX(Data!D14,Data!G14,Data!J14,Data!M14,Data!P14,Data!S14)-MIN(Data!D14,Data!G14,Data!J14,Data!M14,Data!P14,Data!S14)),100*(Data!D14-MIN(Data!D14,Data!G14,Data!J14,Data!M14,Data!P14,Data!S14))/(MAX(Data!D14,Data!G14,Data!J14,Data!M14,Data!P14,Data!S14)-MIN(Data!D14,Data!G14,Data!J14,Data!M14,Data!P14,Data!S14))))) | D13: =IF(COUNT(Data!D14,Data!G14,Data!J14,Data!M14,Data!P14,Data!S14)<6,"",IF(MAX(Data!D14,Data!G14,Data!J14,Data!M14,Data!P14,Data!S14)=MIN(Data!D14,Data!G14,Data!J14,Data!M14,Data!P14,Data!S14),"",IF(Data!$C14="Lower is better",100*(MAX(Data!D14,Data!G14,Data!J14,Data!M14,Data!P14,Data!S14)-Data!G14)/(MAX(Data!D14,Data!G14,Data!J14,Data!M14,Data!P14,Data!S14)-MIN(Data!D14,Data!G14,Data!J14,Data!M14,Data!P14,Data!S14)),100*(Data!G14-MIN(Data!D14,Data!G14,Data!J14,Data!M14,Data!P14,Data!S14))/(MAX(Data!D14,Data!G14,Data!J14,Data!M14,Data!P14,Data!S14)-MIN(Data!D14,Data!G14,Data!J14,Data!M14,Data!P14,Data!S14))))) | E13: =IF(COUNT(Data!D14,Data!G14,Data!J14,Data!M14,Data!P14,Data!S14)<6,"",IF(MAX(Data!D14,Data!G14,Data!J14,Data!M14,Data!P14,Data!S14)=MIN(Data!D14,Data!G14,Data!J14,Data!M14,Data!P14,Data!S14),"",IF(Data!$C14="Lower is better",100*(MAX(Data!D14,Data!G14,Data!J14,Data!M14,Data!P14,Data!S14)-Data!J14)/(MAX(Data!D14,Data!G14,Data!J14,Data!M14,Data!P14,Data!S14)-MIN(Data!D14,Data!G14,Data!J14,Data!M14,Data!P14,Data!S14)),100*(Data!J14-MIN(Data!D14,Data!G14,Data!J14,Data!M14,Data!P14,Data!S14))/(MAX(Data!D14,Data!G14,Data!J14,Data!M14,Data!P14,Data!S14)-MIN(Data!D14,Data!G14,Data!J14,Data!M14,Data!P14,Data!S14))))) | F13: =IF(COUNT(Data!D14,Data!G14,Data!J14,Data!M14,Data!P14,Data!S14)<6,"",IF(MAX(Data!D14,Data!G14,Data!J14,Data!M14,Data!P14,Data!S14)=MIN(Data!D14,Data!G14,Data!J14,Data!M14,Data!P14,Data!S14),"",IF(Data!$C14="Lower is better",100*(MAX(Data!D14,Data!G14,Data!J14,Data!M14,Data!P14,Data!S14)-Data!M14)/(MAX(Data!D14,Data!G14,Data!J14,Data!M14,Data!P14,Data!S14)-MIN(Data!D14,Data!G14,Data!J14,Data!M14,Data!P14,Data!S14)),100*(Data!M14-MIN(Data!D14,Data!G14,Data!J14,Data!M14,Data!P14,Data!S14))/(MAX(Data!D14,Data!G14,Data!J14,Data!M14,Data!P14,Data!S14)-MIN(Data!D14,Data!G14,Data!J14,Data!M14,Data!P14,Data!S14))))) | G13: =IF(COUNT(Data!D14,Data!G14,Data!J14,Data!M14,Data!P14,Data!S14)<6,"",IF(MAX(Data!D14,Data!G14,Data!J14,Data!M14,Data!P14,Data!S14)=MIN(Data!D14,Data!G14,Data!J14,Data!M14,Data!P14,Data!S14),"",IF(Data!$C14="Lower is better",100*(MAX(Data!D14,Data!G14,Data!J14,Data!M14,Data!P14,Data!S14)-Data!P14)/(MAX(Data!D14,Data!G14,Data!J14,Data!M14,Data!P14,Data!S14)-MIN(Data!D14,Data!G14,Data!J14,Data!M14,Data!P14,Data!S14)),100*(Data!P14-MIN(Data!D14,Data!G14,Data!J14,Data!M14,Data!P14,Data!S14))/(MAX(Data!D14,Data!G14,Data!J14,Data!M14,Data!P14,Data!S14)-MIN(Data!D14,Data!G14,Data!J14,Data!M14,Data!P14,Data!S14))))) | H13: =IF(COUNT(Data!D14,Data!G14,Data!J14,Data!M14,Data!P14,Data!S14)<6,"",IF(MAX(Data!D14,Data!G14,Data!J14,Data!M14,Data!P14,Data!S14)=MIN(Data!D14,Data!G14,Data!J14,Data!M14,Data!P14,Data!S14),"",IF(Data!$C14="Lower is better",100*(MAX(Data!D14,Data!G14,Data!J14,Data!M14,Data!P14,Data!S14)-Data!S14)/(MAX(Data!D14,Data!G14,Data!J14,Data!M14,Data!P14,Data!S14)-MIN(Data!D14,Data!G14,Data!J14,Data!M14,Data!P14,Data!S14)),100*(Data!S14-MIN(Data!D14,Data!G14,Data!J14,Data!M14,Data!P14,Data!S14))/(MAX(Data!D14,Data!G14,Data!J14,Data!M14,Data!P14,Data!S14)-MIN(Data!D14,Data!G14,Data!J14,Data!M14,Data!P14,Data!S14)))))
A14: =Indicators!A14 | B14: =Indicators!C14 | C14: =IF(COUNT(Data!D15,Data!G15,Data!J15,Data!M15,Data!P15,Data!S15)<6,"",IF(MAX(Data!D15,Data!G15,Data!J15,Data!M15,Data!P15,Data!S15)=MIN(Data!D15,Data!G15,Data!J15,Data!M15,Data!P15,Data!S15),"",IF(Data!$C15="Lower is better",100*(MAX(Data!D15,Data!G15,Data!J15,Data!M15,Data!P15,Data!S15)-Data!D15)/(MAX(Data!D15,Data!G15,Data!J15,Data!M15,Data!P15,Data!S15)-MIN(Data!D15,Data!G15,Data!J15,Data!M15,Data!P15,Data!S15)),100*(Data!D15-MIN(Data!D15,Data!G15,Data!J15,Data!M15,Data!P15,Data!S15))/(MAX(Data!D15,Data!G15,Data!J15,Data!M15,Data!P15,Data!S15)-MIN(Data!D15,Data!G15,Data!J15,Data!M15,Data!P15,Data!S15))))) | D14: =IF(COUNT(Data!D15,Data!G15,Data!J15,Data!M15,Data!P15,Data!S15)<6,"",IF(MAX(Data!D15,Data!G15,Data!J15,Data!M15,Data!P15,Data!S15)=MIN(Data!D15,Data!G15,Data!J15,Data!M15,Data!P15,Data!S15),"",IF(Data!$C15="Lower is better",100*(MAX(Data!D15,Data!G15,Data!J15,Data!M15,Data!P15,Data!S15)-Data!G15)/(MAX(Data!D15,Data!G15,Data!J15,Data!M15,Data!P15,Data!S15)-MIN(Data!D15,Data!G15,Data!J15,Data!M15,Data!P15,Data!S15)),100*(Data!G15-MIN(Data!D15,Data!G15,Data!J15,Data!M15,Data!P15,Data!S15))/(MAX(Data!D15,Data!G15,Data!J15,Data!M15,Data!P15,Data!S15)-MIN(Data!D15,Data!G15,Data!J15,Data!M15,Data!P15,Data!S15))))) | E14: =IF(COUNT(Data!D15,Data!G15,Data!J15,Data!M15,Data!P15,Data!S15)<6,"",IF(MAX(Data!D15,Data!G15,Data!J15,Data!M15,Data!P15,Data!S15)=MIN(Data!D15,Data!G15,Data!J15,Data!M15,Data!P15,Data!S15),"",IF(Data!$C15="Lower is better",100*(MAX(Data!D15,Data!G15,Data!J15,Data!M15,Data!P15,Data!S15)-Data!J15)/(MAX(Data!D15,Data!G15,Data!J15,Data!M15,Data!P15,Data!S15)-MIN(Data!D15,Data!G15,Data!J15,Data!M15,Data!P15,Data!S15)),100*(Data!J15-MIN(Data!D15,Data!G15,Data!J15,Data!M15,Data!P15,Data!S15))/(MAX(Data!D15,Data!G15,Data!J15,Data!M15,Data!P15,Data!S15)-MIN(Data!D15,Data!G15,Data!J15,Data!M15,Data!P15,Data!S15))))) | F14: =IF(COUNT(Data!D15,Data!G15,Data!J15,Data!M15,Data!P15,Data!S15)<6,"",IF(MAX(Data!D15,Data!G15,Data!J15,Data!M15,Data!P15,Data!S15)=MIN(Data!D15,Data!G15,Data!J15,Data!M15,Data!P15,Data!S15),"",IF(Data!$C15="Lower is better",100*(MAX(Data!D15,Data!G15,Data!J15,Data!M15,Data!P15,Data!S15)-Data!M15)/(MAX(Data!D15,Data!G15,Data!J15,Data!M15,Data!P15,Data!S15)-MIN(Data!D15,Data!G15,Data!J15,Data!M15,Data!P15,Data!S15)),100*(Data!M15-MIN(Data!D15,Data!G15,Data!J15,Data!M15,Data!P15,Data!S15))/(MAX(Data!D15,Data!G15,Data!J15,Data!M15,Data!P15,Data!S15)-MIN(Data!D15,Data!G15,Data!J15,Data!M15,Data!P15,Data!S15))))) | G14: =IF(COUNT(Data!D15,Data!G15,Data!J15,Data!M15,Data!P15,Data!S15)<6,"",IF(MAX(Data!D15,Data!G15,Data!J15,Data!M15,Data!P15,Data!S15)=MIN(Data!D15,Data!G15,Data!J15,Data!M15,Data!P15,Data!S15),"",IF(Data!$C15="Lower is better",100*(MAX(Data!D15,Data!G15,Data!J15,Data!M15,Data!P15,Data!S15)-Data!P15)/(MAX(Data!D15,Data!G15,Data!J15,Data!M15,Data!P15,Data!S15)-MIN(Data!D15,Data!G15,Data!J15,Data!M15,Data!P15,Data!S15)),100*(Data!P15-MIN(Data!D15,Data!G15,Data!J15,Data!M15,Data!P15,Data!S15))/(MAX(Data!D15,Data!G15,Data!J15,Data!M15,Data!P15,Data!S15)-MIN(Data!D15,Data!G15,Data!J15,Data!M15,Data!P15,Data!S15))))) | H14: =IF(COUNT(Data!D15,Data!G15,Data!J15,Data!M15,Data!P15,Data!S15)<6,"",IF(MAX(Data!D15,Data!G15,Data!J15,Data!M15,Data!P15,Data!S15)=MIN(Data!D15,Data!G15,Data!J15,Data!M15,Data!P15,Data!S15),"",IF(Data!$C15="Lower is better",100*(MAX(Data!D15,Data!G15,Data!J15,Data!M15,Data!P15,Data!S15)-Data!S15)/(MAX(Data!D15,Data!G15,Data!J15,Data!M15,Data!P15,Data!S15)-MIN(Data!D15,Data!G15,Data!J15,Data!M15,Data!P15,Data!S15)),100*(Data!S15-MIN(Data!D15,Data!G15,Data!J15,Data!M15,Data!P15,Data!S15))/(MAX(Data!D15,Data!G15,Data!J15,Data!M15,Data!P15,Data!S15)-MIN(Data!D15,Data!G15,Data!J15,Data!M15,Data!P15,Data!S15)))))
A15: =Indicators!A15 | B15: =Indicators!C15 | C15: =IF(COUNT(Data!D16,Data!G16,Data!J16,Data!M16,Data!P16,Data!S16)<6,"",IF(MAX(Data!D16,Data!G16,Data!J16,Data!M16,Data!P16,Data!S16)=MIN(Data!D16,Data!G16,Data!J16,Data!M16,Data!P16,Data!S16),"",IF(Data!$C16="Lower is better",100*(MAX(Data!D16,Data!G16,Data!J16,Data!M16,Data!P16,Data!S16)-Data!D16)/(MAX(Data!D16,Data!G16,Data!J16,Data!M16,Data!P16,Data!S16)-MIN(Data!D16,Data!G16,Data!J16,Data!M16,Data!P16,Data!S16)),100*(Data!D16-MIN(Data!D16,Data!G16,Data!J16,Data!M16,Data!P16,Data!S16))/(MAX(Data!D16,Data!G16,Data!J16,Data!M16,Data!P16,Data!S16)-MIN(Data!D16,Data!G16,Data!J16,Data!M16,Data!P16,Data!S16))))) | D15: =IF(COUNT(Data!D16,Data!G16,Data!J16,Data!M16,Data!P16,Data!S16)<6,"",IF(MAX(Data!D16,Data!G16,Data!J16,Data!M16,Data!P16,Data!S16)=MIN(Data!D16,Data!G16,Data!J16,Data!M16,Data!P16,Data!S16),"",IF(Data!$C16="Lower is better",100*(MAX(Data!D16,Data!G16,Data!J16,Data!M16,Data!P16,Data!S16)-Data!G16)/(MAX(Data!D16,Data!G16,Data!J16,Data!M16,Data!P16,Data!S16)-MIN(Data!D16,Data!G16,Data!J16,Data!M16,Data!P16,Data!S16)),100*(Data!G16-MIN(Data!D16,Data!G16,Data!J16,Data!M16,Data!P16,Data!S16))/(MAX(Data!D16,Data!G16,Data!J16,Data!M16,Data!P16,Data!S16)-MIN(Data!D16,Data!G16,Data!J16,Data!M16,Data!P16,Data!S16))))) | E15: =IF(COUNT(Data!D16,Data!G16,Data!J16,Data!M16,Data!P16,Data!S16)<6,"",IF(MAX(Data!D16,Data!G16,Data!J16,Data!M16,Data!P16,Data!S16)=MIN(Data!D16,Data!G16,Data!J16,Data!M16,Data!P16,Data!S16),"",IF(Data!$C16="Lower is better",100*(MAX(Data!D16,Data!G16,Data!J16,Data!M16,Data!P16,Data!S16)-Data!J16)/(MAX(Data!D16,Data!G16,Data!J16,Data!M16,Data!P16,Data!S16)-MIN(Data!D16,Data!G16,Data!J16,Data!M16,Data!P16,Data!S16)),100*(Data!J16-MIN(Data!D16,Data!G16,Data!J16,Data!M16,Data!P16,Data!S16))/(MAX(Data!D16,Data!G16,Data!J16,Data!M16,Data!P16,Data!S16)-MIN(Data!D16,Data!G16,Data!J16,Data!M16,Data!P16,Data!S16))))) | F15: =IF(COUNT(Data!D16,Data!G16,Data!J16,Data!M16,Data!P16,Data!S16)<6,"",IF(MAX(Data!D16,Data!G16,Data!J16,Data!M16,Data!P16,Data!S16)=MIN(Data!D16,Data!G16,Data!J16,Data!M16,Data!P16,Data!S16),"",IF(Data!$C16="Lower is better",100*(MAX(Data!D16,Data!G16,Data!J16,Data!M16,Data!P16,Data!S16)-Data!M16)/(MAX(Data!D16,Data!G16,Data!J16,Data!M16,Data!P16,Data!S16)-MIN(Data!D16,Data!G16,Data!J16,Data!M16,Data!P16,Data!S16)),100*(Data!M16-MIN(Data!D16,Data!G16,Data!J16,Data!M16,Data!P16,Data!S16))/(MAX(Data!D16,Data!G16,Data!J16,Data!M16,Data!P16,Data!S16)-MIN(Data!D16,Data!G16,Data!J16,Data!M16,Data!P16,Data!S16))))) | G15: =IF(COUNT(Data!D16,Data!G16,Data!J16,Data!M16,Data!P16,Data!S16)<6,"",IF(MAX(Data!D16,Data!G16,Data!J16,Data!M16,Data!P16,Data!S16)=MIN(Data!D16,Data!G16,Data!J16,Data!M16,Data!P16,Data!S16),"",IF(Data!$C16="Lower is better",100*(MAX(Data!D16,Data!G16,Data!J16,Data!M16,Data!P16,Data!S16)-Data!P16)/(MAX(Data!D16,Data!G16,Data!J16,Data!M16,Data!P16,Data!S16)-MIN(Data!D16,Data!G16,Data!J16,Data!M16,Data!P16,Data!S16)),100*(Data!P16-MIN(Data!D16,Data!G16,Data!J16,Data!M16,Data!P16,Data!S16))/(MAX(Data!D16,Data!G16,Data!J16,Data!M16,Data!P16,Data!S16)-MIN(Data!D16,Data!G16,Data!J16,Data!M16,Data!P16,Data!S16))))) | H15: =IF(COUNT(Data!D16,Data!G16,Data!J16,Data!M16,Data!P16,Data!S16)<6,"",IF(MAX(Data!D16,Data!G16,Data!J16,Data!M16,Data!P16,Data!S16)=MIN(Data!D16,Data!G16,Data!J16,Data!M16,Data!P16,Data!S16),"",IF(Data!$C16="Lower is better",100*(MAX(Data!D16,Data!G16,Data!J16,Data!M16,Data!P16,Data!S16)-Data!S16)/(MAX(Data!D16,Data!G16,Data!J16,Data!M16,Data!P16,Data!S16)-MIN(Data!D16,Data!G16,Data!J16,Data!M16,Data!P16,Data!S16)),100*(Data!S16-MIN(Data!D16,Data!G16,Data!J16,Data!M16,Data!P16,Data!S16))/(MAX(Data!D16,Data!G16,Data!J16,Data!M16,Data!P16,Data!S16)-MIN(Data!D16,Data!G16,Data!J16,Data!M16,Data!P16,Data!S16)))))
... A17: =Indicators!A17 | B17: =Indicators!C17 | C17: =IF(COUNT(Data!D18,Data!G18,Data!J18,Data!M18,Data!P18,Data!S18)<6,"",IF(MAX(Data!D18,Data!G18,Data!J18,Data!M18,Data!P18,Data!S18)=MIN(Data!D18,Data!G18,Data!J18,Data!M18,Data!P18,Data!S18),"",IF(Data!$C18="Lower is better",100*(MAX(Data!D18,Data!G18,Data!J18,Data!M18,Data!P18,Data!S18)-Data!D18)/(MAX(Data!D18,Data!G18,Data!J18,Data!M18,Data!P18,Data!S18)-MIN(Data!D18,Data!G18,Data!J18,Data!M18,Data!P18,Data!S18)),100*(Data!D18-MIN(Data!D18,Data!G18,Data!J18,Data!M18,Data!P18,Data!S18))/(MAX(Data!D18,Data!G18,Data!J18,Data!M18,Data!P18,Data!S18)-MIN(Data!D18,Data!G18,Data!J18,Data!M18,Data!P18,Data!S18))))) | D17: =IF(COUNT(Data!D18,Data!G18,Data!J18,Data!M18,Data!P18,Data!S18)<6,"",IF(MAX(Data!D18,Data!G18,Data!J18,Data!M18,Data!P18,Data!S18)=MIN(Data!D18,Data!G18,Data!J18,Data!M18,Data!P18,Data!S18),"",IF(Data!$C18="Lower is better",100*(MAX(Data!D18,Data!G18,Data!J18,Data!M18,Data!P18,Data!S18)-Data!G18)/(MAX(Data!D18,Data!G18,Data!J18,Data!M18,Data!P18,Data!S18)-MIN(Data!D18,Data!G18,Data!J18,Data!M18,Data!P18,Data!S18)),100*(Data!G18-MIN(Data!D18,Data!G18,Data!J18,Data!M18,Data!P18,Data!S18))/(MAX(Data!D18,Data!G18,Data!J18,Data!M18,Data!P18,Data!S18)-MIN(Data!D18,Data!G18,Data!J18,Data!M18,Data!P18,Data!S18))))) | E17: =IF(COUNT(Data!D18,Data!G18,Data!J18,Data!M18,Data!P18,Data!S18)<6,"",IF(MAX(Data!D18,Data!G18,Data!J18,Data!M18,Data!P18,Data!S18)=MIN(Data!D18,Data!G18,Data!J18,Data!M18,Data!P18,Data!S18),"",IF(Data!$C18="Lower is better",100*(MAX(Data!D18,Data!G18,Data!J18,Data!M18,Data!P18,Data!S18)-Data!J18)/(MAX(Data!D18,Data!G18,Data!J18,Data!M18,Data!P18,Data!S18)-MIN(Data!D18,Data!G18,Data!J18,Data!M18,Data!P18,Data!S18)),100*(Data!J18-MIN(Data!D18,Data!G18,Data!J18,Data!M18,Data!P18,Data!S18))/(MAX(Data!D18,Data!G18,Data!J18,Data!M18,Data!P18,Data!S18)-MIN(Data!D18,Data!G18,Data!J18,Data!M18,Data!P18,Data!S18))))) | F17: =IF(COUNT(Data!D18,Data!G18,Data!J18,Data!M18,Data!P18,Data!S18)<6,"",IF(MAX(Data!D18,Data!G18,Data!J18,Data!M18,Data!P18,Data!S18)=MIN(Data!D18,Data!G18,Data!J18,Data!M18,Data!P18,Data!S18),"",IF(Data!$C18="Lower is better",100*(MAX(Data!D18,Data!G18,Data!J18,Data!M18,Data!P18,Data!S18)-Data!M18)/(MAX(Data!D18,Data!G18,Data!J18,Data!M18,Data!P18,Data!S18)-MIN(Data!D18,Data!G18,Data!J18,Data!M18,Data!P18,Data!S18)),100*(Data!M18-MIN(Data!D18,Data!G18,Data!J18,Data!M18,Data!P18,Data!S18))/(MAX(Data!D18,Data!G18,Data!J18,Data!M18,Data!P18,Data!S18)-MIN(Data!D18,Data!G18,Data!J18,Data!M18,Data!P18,Data!S18))))) | G17: =IF(COUNT(Data!D18,Data!G18,Data!J18,Data!M18,Data!P18,Data!S18)<6,"",IF(MAX(Data!D18,Data!G18,Data!J18,Data!M18,Data!P18,Data!S18)=MIN(Data!D18,Data!G18,Data!J18,Data!M18,Data!P18,Data!S18),"",IF(Data!$C18="Lower is better",100*(MAX(Data!D18,Data!G18,Data!J18,Data!M18,Data!P18,Data!S18)-Data!P18)/(MAX(Data!D18,Data!G18,Data!J18,Data!M18,Data!P18,Data!S18)-MIN(Data!D18,Data!G18,Data!J18,Data!M18,Data!P18,Data!S18)),100*(Data!P18-MIN(Data!D18,Data!G18,Data!J18,Data!M18,Data!P18,Data!S18))/(MAX(Data!D18,Data!G18,Data!J18,Data!M18,Data!P18,Data!S18)-MIN(Data!D18,Data!G18,Data!J18,Data!M18,Data!P18,Data!S18))))) | H17: =IF(COUNT(Data!D18,Data!G18,Data!J18,Data!M18,Data!P18,Data!S18)<6,"",IF(MAX(Data!D18,Data!G18,Data!J18,Data!M18,Data!P18,Data!S18)=MIN(Data!D18,Data!G18,Data!J18,Data!M18,Data!P18,Data!S18),"",IF(Data!$C18="Lower is better",100*(MAX(Data!D18,Data!G18,Data!J18,Data!M18,Data!P18,Data!S18)-Data!S18)/(MAX(Data!D18,Data!G18,Data!J18,Data!M18,Data!P18,Data!S18)-MIN(Data!D18,Data!G18,Data!J18,Data!M18,Data!P18,Data!S18)),100*(Data!S18-MIN(Data!D18,Data!G18,Data!J18,Data!M18,Data!P18,Data!S18))/(MAX(Data!D18,Data!G18,Data!J18,Data!M18,Data!P18,Data!S18)-MIN(Data!D18,Data!G18,Data!J18,Data!M18,Data!P18,Data!S18)))))

Sheet T-scores
A1: T-scores (z-scores rescaled: 50 + 10 x z, direction respected)
A2: z = (value - mean) / standard deviation of the six countries; T = 50 + 10 x z. 50 = average of the six countries, 60 = one standard deviation better. Not capped at 0 or 100.
A3: ID | B3: Indicator | C3: Argentina | D3: Brazil | E3: Chile | F3: Colombia | G3: Mexico | H3: Uruguay
A4: =Indicators!A4 | B4: =Indicators!C4 | C4: =IF(COUNT(Data!D5,Data!G5,Data!J5,Data!M5,Data!P5,Data!S5)<6,"",IF(STDEVP(Data!D5,Data!G5,Data!J5,Data!M5,Data!P5,Data!S5)=0,"",IF(Data!$C5="Lower is better",-1,1)*(Data!D5-AVERAGE(Data!D5,Data!G5,Data!J5,Data!M5,Data!P5,Data!S5))/STDEVP(Data!D5,Data!G5,Data!J5,Data!M5,Data!P5,Data!S5)*10+50)) | D4: =IF(COUNT(Data!D5,Data!G5,Data!J5,Data!M5,Data!P5,Data!S5)<6,"",IF(STDEVP(Data!D5,Data!G5,Data!J5,Data!M5,Data!P5,Data!S5)=0,"",IF(Data!$C5="Lower is better",-1,1)*(Data!G5-AVERAGE(Data!D5,Data!G5,Data!J5,Data!M5,Data!P5,Data!S5))/STDEVP(Data!D5,Data!G5,Data!J5,Data!M5,Data!P5,Data!S5)*10+50)) | E4: =IF(COUNT(Data!D5,Data!G5,Data!J5,Data!M5,Data!P5,Data!S5)<6,"",IF(STDEVP(Data!D5,Data!G5,Data!J5,Data!M5,Data!P5,Data!S5)=0,"",IF(Data!$C5="Lower is better",-1,1)*(Data!J5-AVERAGE(Data!D5,Data!G5,Data!J5,Data!M5,Data!P5,Data!S5))/STDEVP(Data!D5,Data!G5,Data!J5,Data!M5,Data!P5,Data!S5)*10+50)) | F4: =IF(COUNT(Data!D5,Data!G5,Data!J5,Data!M5,Data!P5,Data!S5)<6,"",IF(STDEVP(Data!D5,Data!G5,Data!J5,Data!M5,Data!P5,Data!S5)=0,"",IF(Data!$C5="Lower is better",-1,1)*(Data!M5-AVERAGE(Data!D5,Data!G5,Data!J5,Data!M5,Data!P5,Data!S5))/STDEVP(Data!D5,Data!G5,Data!J5,Data!M5,Data!P5,Data!S5)*10+50)) | G4: =IF(COUNT(Data!D5,Data!G5,Data!J5,Data!M5,Data!P5,Data!S5)<6,"",IF(STDEVP(Data!D5,Data!G5,Data!J5,Data!M5,Data!P5,Data!S5)=0,"",IF(Data!$C5="Lower is better",-1,1)*(Data!P5-AVERAGE(Data!D5,Data!G5,Data!J5,Data!M5,Data!P5,Data!S5))/STDEVP(Data!D5,Data!G5,Data!J5,Data!M5,Data!P5,Data!S5)*10+50)) | H4: =IF(COUNT(Data!D5,Data!G5,Data!J5,Data!M5,Data!P5,Data!S5)<6,"",IF(STDEVP(Data!D5,Data!G5,Data!J5,Data!M5,Data!P5,Data!S5)=0,"",IF(Data!$C5="Lower is better",-1,1)*(Data!S5-AVERAGE(Data!D5,Data!G5,Data!J5,Data!M5,Data!P5,Data!S5))/STDEVP(Data!D5,Data!G5,Data!J5,Data!M5,Data!P5,Data!S5)*10+50))
A5: =Indicators!A5 | B5: =Indicators!C5 | C5: =IF(COUNT(Data!D6,Data!G6,Data!J6,Data!M6,Data!P6,Data!S6)<6,"",IF(STDEVP(Data!D6,Data!G6,Data!J6,Data!M6,Data!P6,Data!S6)=0,"",IF(Data!$C6="Lower is better",-1,1)*(Data!D6-AVERAGE(Data!D6,Data!G6,Data!J6,Data!M6,Data!P6,Data!S6))/STDEVP(Data!D6,Data!G6,Data!J6,Data!M6,Data!P6,Data!S6)*10+50)) | D5: =IF(COUNT(Data!D6,Data!G6,Data!J6,Data!M6,Data!P6,Data!S6)<6,"",IF(STDEVP(Data!D6,Data!G6,Data!J6,Data!M6,Data!P6,Data!S6)=0,"",IF(Data!$C6="Lower is better",-1,1)*(Data!G6-AVERAGE(Data!D6,Data!G6,Data!J6,Data!M6,Data!P6,Data!S6))/STDEVP(Data!D6,Data!G6,Data!J6,Data!M6,Data!P6,Data!S6)*10+50)) | E5: =IF(COUNT(Data!D6,Data!G6,Data!J6,Data!M6,Data!P6,Data!S6)<6,"",IF(STDEVP(Data!D6,Data!G6,Data!J6,Data!M6,Data!P6,Data!S6)=0,"",IF(Data!$C6="Lower is better",-1,1)*(Data!J6-AVERAGE(Data!D6,Data!G6,Data!J6,Data!M6,Data!P6,Data!S6))/STDEVP(Data!D6,Data!G6,Data!J6,Data!M6,Data!P6,Data!S6)*10+50)) | F5: =IF(COUNT(Data!D6,Data!G6,Data!J6,Data!M6,Data!P6,Data!S6)<6,"",IF(STDEVP(Data!D6,Data!G6,Data!J6,Data!M6,Data!P6,Data!S6)=0,"",IF(Data!$C6="Lower is better",-1,1)*(Data!M6-AVERAGE(Data!D6,Data!G6,Data!J6,Data!M6,Data!P6,Data!S6))/STDEVP(Data!D6,Data!G6,Data!J6,Data!M6,Data!P6,Data!S6)*10+50)) | G5: =IF(COUNT(Data!D6,Data!G6,Data!J6,Data!M6,Data!P6,Data!S6)<6,"",IF(STDEVP(Data!D6,Data!G6,Data!J6,Data!M6,Data!P6,Data!S6)=0,"",IF(Data!$C6="Lower is better",-1,1)*(Data!P6-AVERAGE(Data!D6,Data!G6,Data!J6,Data!M6,Data!P6,Data!S6))/STDEVP(Data!D6,Data!G6,Data!J6,Data!M6,Data!P6,Data!S6)*10+50)) | H5: =IF(COUNT(Data!D6,Data!G6,Data!J6,Data!M6,Data!P6,Data!S6)<6,"",IF(STDEVP(Data!D6,Data!G6,Data!J6,Data!M6,Data!P6,Data!S6)=0,"",IF(Data!$C6="Lower is better",-1,1)*(Data!S6-AVERAGE(Data!D6,Data!G6,Data!J6,Data!M6,Data!P6,Data!S6))/STDEVP(Data!D6,Data!G6,Data!J6,Data!M6,Data!P6,Data!S6)*10+50))
A6: =Indicators!A6 | B6: =Indicators!C6 | C6: =IF(COUNT(Data!D7,Data!G7,Data!J7,Data!M7,Data!P7,Data!S7)<6,"",IF(STDEVP(Data!D7,Data!G7,Data!J7,Data!M7,Data!P7,Data!S7)=0,"",IF(Data!$C7="Lower is better",-1,1)*(Data!D7-AVERAGE(Data!D7,Data!G7,Data!J7,Data!M7,Data!P7,Data!S7))/STDEVP(Data!D7,Data!G7,Data!J7,Data!M7,Data!P7,Data!S7)*10+50)) | D6: =IF(COUNT(Data!D7,Data!G7,Data!J7,Data!M7,Data!P7,Data!S7)<6,"",IF(STDEVP(Data!D7,Data!G7,Data!J7,Data!M7,Data!P7,Data!S7)=0,"",IF(Data!$C7="Lower is better",-1,1)*(Data!G7-AVERAGE(Data!D7,Data!G7,Data!J7,Data!M7,Data!P7,Data!S7))/STDEVP(Data!D7,Data!G7,Data!J7,Data!M7,Data!P7,Data!S7)*10+50)) | E6: =IF(COUNT(Data!D7,Data!G7,Data!J7,Data!M7,Data!P7,Data!S7)<6,"",IF(STDEVP(Data!D7,Data!G7,Data!J7,Data!M7,Data!P7,Data!S7)=0,"",IF(Data!$C7="Lower is better",-1,1)*(Data!J7-AVERAGE(Data!D7,Data!G7,Data!J7,Data!M7,Data!P7,Data!S7))/STDEVP(Data!D7,Data!G7,Data!J7,Data!M7,Data!P7,Data!S7)*10+50)) | F6: =IF(COUNT(Data!D7,Data!G7,Data!J7,Data!M7,Data!P7,Data!S7)<6,"",IF(STDEVP(Data!D7,Data!G7,Data!J7,Data!M7,Data!P7,Data!S7)=0,"",IF(Data!$C7="Lower is better",-1,1)*(Data!M7-AVERAGE(Data!D7,Data!G7,Data!J7,Data!M7,Data!P7,Data!S7))/STDEVP(Data!D7,Data!G7,Data!J7,Data!M7,Data!P7,Data!S7)*10+50)) | G6: =IF(COUNT(Data!D7,Data!G7,Data!J7,Data!M7,Data!P7,Data!S7)<6,"",IF(STDEVP(Data!D7,Data!G7,Data!J7,Data!M7,Data!P7,Data!S7)=0,"",IF(Data!$C7="Lower is better",-1,1)*(Data!P7-AVERAGE(Data!D7,Data!G7,Data!J7,Data!M7,Data!P7,Data!S7))/STDEVP(Data!D7,Data!G7,Data!J7,Data!M7,Data!P7,Data!S7)*10+50)) | H6: =IF(COUNT(Data!D7,Data!G7,Data!J7,Data!M7,Data!P7,Data!S7)<6,"",IF(STDEVP(Data!D7,Data!G7,Data!J7,Data!M7,Data!P7,Data!S7)=0,"",IF(Data!$C7="Lower is better",-1,1)*(Data!S7-AVERAGE(Data!D7,Data!G7,Data!J7,Data!M7,Data!P7,Data!S7))/STDEVP(Data!D7,Data!G7,Data!J7,Data!M7,Data!P7,Data!S7)*10+50))
A7: =Indicators!A7 | B7: =Indicators!C7 | C7: =IF(COUNT(Data!D8,Data!G8,Data!J8,Data!M8,Data!P8,Data!S8)<6,"",IF(STDEVP(Data!D8,Data!G8,Data!J8,Data!M8,Data!P8,Data!S8)=0,"",IF(Data!$C8="Lower is better",-1,1)*(Data!D8-AVERAGE(Data!D8,Data!G8,Data!J8,Data!M8,Data!P8,Data!S8))/STDEVP(Data!D8,Data!G8,Data!J8,Data!M8,Data!P8,Data!S8)*10+50)) | D7: =IF(COUNT(Data!D8,Data!G8,Data!J8,Data!M8,Data!P8,Data!S8)<6,"",IF(STDEVP(Data!D8,Data!G8,Data!J8,Data!M8,Data!P8,Data!S8)=0,"",IF(Data!$C8="Lower is better",-1,1)*(Data!G8-AVERAGE(Data!D8,Data!G8,Data!J8,Data!M8,Data!P8,Data!S8))/STDEVP(Data!D8,Data!G8,Data!J8,Data!M8,Data!P8,Data!S8)*10+50)) | E7: =IF(COUNT(Data!D8,Data!G8,Data!J8,Data!M8,Data!P8,Data!S8)<6,"",IF(STDEVP(Data!D8,Data!G8,Data!J8,Data!M8,Data!P8,Data!S8)=0,"",IF(Data!$C8="Lower is better",-1,1)*(Data!J8-AVERAGE(Data!D8,Data!G8,Data!J8,Data!M8,Data!P8,Data!S8))/STDEVP(Data!D8,Data!G8,Data!J8,Data!M8,Data!P8,Data!S8)*10+50)) | F7: =IF(COUNT(Data!D8,Data!G8,Data!J8,Data!M8,Data!P8,Data!S8)<6,"",IF(STDEVP(Data!D8,Data!G8,Data!J8,Data!M8,Data!P8,Data!S8)=0,"",IF(Data!$C8="Lower is better",-1,1)*(Data!M8-AVERAGE(Data!D8,Data!G8,Data!J8,Data!M8,Data!P8,Data!S8))/STDEVP(Data!D8,Data!G8,Data!J8,Data!M8,Data!P8,Data!S8)*10+50)) | G7: =IF(COUNT(Data!D8,Data!G8,Data!J8,Data!M8,Data!P8,Data!S8)<6,"",IF(STDEVP(Data!D8,Data!G8,Data!J8,Data!M8,Data!P8,Data!S8)=0,"",IF(Data!$C8="Lower is better",-1,1)*(Data!P8-AVERAGE(Data!D8,Data!G8,Data!J8,Data!M8,Data!P8,Data!S8))/STDEVP(Data!D8,Data!G8,Data!J8,Data!M8,Data!P8,Data!S8)*10+50)) | H7: =IF(COUNT(Data!D8,Data!G8,Data!J8,Data!M8,Data!P8,Data!S8)<6,"",IF(STDEVP(Data!D8,Data!G8,Data!J8,Data!M8,Data!P8,Data!S8)=0,"",IF(Data!$C8="Lower is better",-1,1)*(Data!S8-AVERAGE(Data!D8,Data!G8,Data!J8,Data!M8,Data!P8,Data!S8))/STDEVP(Data!D8,Data!G8,Data!J8,Data!M8,Data!P8,Data!S8)*10+50))
A8: =Indicators!A8 | B8: =Indicators!C8 | C8: =IF(COUNT(Data!D9,Data!G9,Data!J9,Data!M9,Data!P9,Data!S9)<6,"",IF(STDEVP(Data!D9,Data!G9,Data!J9,Data!M9,Data!P9,Data!S9)=0,"",IF(Data!$C9="Lower is better",-1,1)*(Data!D9-AVERAGE(Data!D9,Data!G9,Data!J9,Data!M9,Data!P9,Data!S9))/STDEVP(Data!D9,Data!G9,Data!J9,Data!M9,Data!P9,Data!S9)*10+50)) | D8: =IF(COUNT(Data!D9,Data!G9,Data!J9,Data!M9,Data!P9,Data!S9)<6,"",IF(STDEVP(Data!D9,Data!G9,Data!J9,Data!M9,Data!P9,Data!S9)=0,"",IF(Data!$C9="Lower is better",-1,1)*(Data!G9-AVERAGE(Data!D9,Data!G9,Data!J9,Data!M9,Data!P9,Data!S9))/STDEVP(Data!D9,Data!G9,Data!J9,Data!M9,Data!P9,Data!S9)*10+50)) | E8: =IF(COUNT(Data!D9,Data!G9,Data!J9,Data!M9,Data!P9,Data!S9)<6,"",IF(STDEVP(Data!D9,Data!G9,Data!J9,Data!M9,Data!P9,Data!S9)=0,"",IF(Data!$C9="Lower is better",-1,1)*(Data!J9-AVERAGE(Data!D9,Data!G9,Data!J9,Data!M9,Data!P9,Data!S9))/STDEVP(Data!D9,Data!G9,Data!J9,Data!M9,Data!P9,Data!S9)*10+50)) | F8: =IF(COUNT(Data!D9,Data!G9,Data!J9,Data!M9,Data!P9,Data!S9)<6,"",IF(STDEVP(Data!D9,Data!G9,Data!J9,Data!M9,Data!P9,Data!S9)=0,"",IF(Data!$C9="Lower is better",-1,1)*(Data!M9-AVERAGE(Data!D9,Data!G9,Data!J9,Data!M9,Data!P9,Data!S9))/STDEVP(Data!D9,Data!G9,Data!J9,Data!M9,Data!P9,Data!S9)*10+50)) | G8: =IF(COUNT(Data!D9,Data!G9,Data!J9,Data!M9,Data!P9,Data!S9)<6,"",IF(STDEVP(Data!D9,Data!G9,Data!J9,Data!M9,Data!P9,Data!S9)=0,"",IF(Data!$C9="Lower is better",-1,1)*(Data!P9-AVERAGE(Data!D9,Data!G9,Data!J9,Data!M9,Data!P9,Data!S9))/STDEVP(Data!D9,Data!G9,Data!J9,Data!M9,Data!P9,Data!S9)*10+50)) | H8: =IF(COUNT(Data!D9,Data!G9,Data!J9,Data!M9,Data!P9,Data!S9)<6,"",IF(STDEVP(Data!D9,Data!G9,Data!J9,Data!M9,Data!P9,Data!S9)=0,"",IF(Data!$C9="Lower is better",-1,1)*(Data!S9-AVERAGE(Data!D9,Data!G9,Data!J9,Data!M9,Data!P9,Data!S9))/STDEVP(Data!D9,Data!G9,Data!J9,Data!M9,Data!P9,Data!S9)*10+50))
A9: =Indicators!A9 | B9: =Indicators!C9 | C9: =IF(COUNT(Data!D10,Data!G10,Data!J10,Data!M10,Data!P10,Data!S10)<6,"",IF(STDEVP(Data!D10,Data!G10,Data!J10,Data!M10,Data!P10,Data!S10)=0,"",IF(Data!$C10="Lower is better",-1,1)*(Data!D10-AVERAGE(Data!D10,Data!G10,Data!J10,Data!M10,Data!P10,Data!S10))/STDEVP(Data!D10,Data!G10,Data!J10,Data!M10,Data!P10,Data!S10)*10+50)) | D9: =IF(COUNT(Data!D10,Data!G10,Data!J10,Data!M10,Data!P10,Data!S10)<6,"",IF(STDEVP(Data!D10,Data!G10,Data!J10,Data!M10,Data!P10,Data!S10)=0,"",IF(Data!$C10="Lower is better",-1,1)*(Data!G10-AVERAGE(Data!D10,Data!G10,Data!J10,Data!M10,Data!P10,Data!S10))/STDEVP(Data!D10,Data!G10,Data!J10,Data!M10,Data!P10,Data!S10)*10+50)) | E9: =IF(COUNT(Data!D10,Data!G10,Data!J10,Data!M10,Data!P10,Data!S10)<6,"",IF(STDEVP(Data!D10,Data!G10,Data!J10,Data!M10,Data!P10,Data!S10)=0,"",IF(Data!$C10="Lower is better",-1,1)*(Data!J10-AVERAGE(Data!D10,Data!G10,Data!J10,Data!M10,Data!P10,Data!S10))/STDEVP(Data!D10,Data!G10,Data!J10,Data!M10,Data!P10,Data!S10)*10+50)) | F9: =IF(COUNT(Data!D10,Data!G10,Data!J10,Data!M10,Data!P10,Data!S10)<6,"",IF(STDEVP(Data!D10,Data!G10,Data!J10,Data!M10,Data!P10,Data!S10)=0,"",IF(Data!$C10="Lower is better",-1,1)*(Data!M10-AVERAGE(Data!D10,Data!G10,Data!J10,Data!M10,Data!P10,Data!S10))/STDEVP(Data!D10,Data!G10,Data!J10,Data!M10,Data!P10,Data!S10)*10+50)) | G9: =IF(COUNT(Data!D10,Data!G10,Data!J10,Data!M10,Data!P10,Data!S10)<6,"",IF(STDEVP(Data!D10,Data!G10,Data!J10,Data!M10,Data!P10,Data!S10)=0,"",IF(Data!$C10="Lower is better",-1,1)*(Data!P10-AVERAGE(Data!D10,Data!G10,Data!J10,Data!M10,Data!P10,Data!S10))/STDEVP(Data!D10,Data!G10,Data!J10,Data!M10,Data!P10,Data!S10)*10+50)) | H9: =IF(COUNT(Data!D10,Data!G10,Data!J10,Data!M10,Data!P10,Data!S10)<6,"",IF(STDEVP(Data!D10,Data!G10,Data!J10,Data!M10,Data!P10,Data!S10)=0,"",IF(Data!$C10="Lower is better",-1,1)*(Data!S10-AVERAGE(Data!D10,Data!G10,Data!J10,Data!M10,Data!P10,Data!S10))/STDEVP(Data!D10,Data!G10,Data!J10,Data!M10,Data!P10,Data!S10)*10+50))
A10: =Indicators!A10 | B10: =Indicators!C10 | C10: =IF(COUNT(Data!D11,Data!G11,Data!J11,Data!M11,Data!P11,Data!S11)<6,"",IF(STDEVP(Data!D11,Data!G11,Data!J11,Data!M11,Data!P11,Data!S11)=0,"",IF(Data!$C11="Lower is better",-1,1)*(Data!D11-AVERAGE(Data!D11,Data!G11,Data!J11,Data!M11,Data!P11,Data!S11))/STDEVP(Data!D11,Data!G11,Data!J11,Data!M11,Data!P11,Data!S11)*10+50)) | D10: =IF(COUNT(Data!D11,Data!G11,Data!J11,Data!M11,Data!P11,Data!S11)<6,"",IF(STDEVP(Data!D11,Data!G11,Data!J11,Data!M11,Data!P11,Data!S11)=0,"",IF(Data!$C11="Lower is better",-1,1)*(Data!G11-AVERAGE(Data!D11,Data!G11,Data!J11,Data!M11,Data!P11,Data!S11))/STDEVP(Data!D11,Data!G11,Data!J11,Data!M11,Data!P11,Data!S11)*10+50)) | E10: =IF(COUNT(Data!D11,Data!G11,Data!J11,Data!M11,Data!P11,Data!S11)<6,"",IF(STDEVP(Data!D11,Data!G11,Data!J11,Data!M11,Data!P11,Data!S11)=0,"",IF(Data!$C11="Lower is better",-1,1)*(Data!J11-AVERAGE(Data!D11,Data!G11,Data!J11,Data!M11,Data!P11,Data!S11))/STDEVP(Data!D11,Data!G11,Data!J11,Data!M11,Data!P11,Data!S11)*10+50)) | F10: =IF(COUNT(Data!D11,Data!G11,Data!J11,Data!M11,Data!P11,Data!S11)<6,"",IF(STDEVP(Data!D11,Data!G11,Data!J11,Data!M11,Data!P11,Data!S11)=0,"",IF(Data!$C11="Lower is better",-1,1)*(Data!M11-AVERAGE(Data!D11,Data!G11,Data!J11,Data!M11,Data!P11,Data!S11))/STDEVP(Data!D11,Data!G11,Data!J11,Data!M11,Data!P11,Data!S11)*10+50)) | G10: =IF(COUNT(Data!D11,Data!G11,Data!J11,Data!M11,Data!P11,Data!S11)<6,"",IF(STDEVP(Data!D11,Data!G11,Data!J11,Data!M11,Data!P11,Data!S11)=0,"",IF(Data!$C11="Lower is better",-1,1)*(Data!P11-AVERAGE(Data!D11,Data!G11,Data!J11,Data!M11,Data!P11,Data!S11))/STDEVP(Data!D11,Data!G11,Data!J11,Data!M11,Data!P11,Data!S11)*10+50)) | H10: =IF(COUNT(Data!D11,Data!G11,Data!J11,Data!M11,Data!P11,Data!S11)<6,"",IF(STDEVP(Data!D11,Data!G11,Data!J11,Data!M11,Data!P11,Data!S11)=0,"",IF(Data!$C11="Lower is better",-1,1)*(Data!S11-AVERAGE(Data!D11,Data!G11,Data!J11,Data!M11,Data!P11,Data!S11))/STDEVP(Data!D11,Data!G11,Data!J11,Data!M11,Data!P11,Data!S11)*10+50))
A11: =Indicators!A11 | B11: =Indicators!C11 | C11: =IF(COUNT(Data!D12,Data!G12,Data!J12,Data!M12,Data!P12,Data!S12)<6,"",IF(STDEVP(Data!D12,Data!G12,Data!J12,Data!M12,Data!P12,Data!S12)=0,"",IF(Data!$C12="Lower is better",-1,1)*(Data!D12-AVERAGE(Data!D12,Data!G12,Data!J12,Data!M12,Data!P12,Data!S12))/STDEVP(Data!D12,Data!G12,Data!J12,Data!M12,Data!P12,Data!S12)*10+50)) | D11: =IF(COUNT(Data!D12,Data!G12,Data!J12,Data!M12,Data!P12,Data!S12)<6,"",IF(STDEVP(Data!D12,Data!G12,Data!J12,Data!M12,Data!P12,Data!S12)=0,"",IF(Data!$C12="Lower is better",-1,1)*(Data!G12-AVERAGE(Data!D12,Data!G12,Data!J12,Data!M12,Data!P12,Data!S12))/STDEVP(Data!D12,Data!G12,Data!J12,Data!M12,Data!P12,Data!S12)*10+50)) | E11: =IF(COUNT(Data!D12,Data!G12,Data!J12,Data!M12,Data!P12,Data!S12)<6,"",IF(STDEVP(Data!D12,Data!G12,Data!J12,Data!M12,Data!P12,Data!S12)=0,"",IF(Data!$C12="Lower is better",-1,1)*(Data!J12-AVERAGE(Data!D12,Data!G12,Data!J12,Data!M12,Data!P12,Data!S12))/STDEVP(Data!D12,Data!G12,Data!J12,Data!M12,Data!P12,Data!S12)*10+50)) | F11: =IF(COUNT(Data!D12,Data!G12,Data!J12,Data!M12,Data!P12,Data!S12)<6,"",IF(STDEVP(Data!D12,Data!G12,Data!J12,Data!M12,Data!P12,Data!S12)=0,"",IF(Data!$C12="Lower is better",-1,1)*(Data!M12-AVERAGE(Data!D12,Data!G12,Data!J12,Data!M12,Data!P12,Data!S12))/STDEVP(Data!D12,Data!G12,Data!J12,Data!M12,Data!P12,Data!S12)*10+50)) | G11: =IF(COUNT(Data!D12,Data!G12,Data!J12,Data!M12,Data!P12,Data!S12)<6,"",IF(STDEVP(Data!D12,Data!G12,Data!J12,Data!M12,Data!P12,Data!S12)=0,"",IF(Data!$C12="Lower is better",-1,1)*(Data!P12-AVERAGE(Data!D12,Data!G12,Data!J12,Data!M12,Data!P12,Data!S12))/STDEVP(Data!D12,Data!G12,Data!J12,Data!M12,Data!P12,Data!S12)*10+50)) | H11: =IF(COUNT(Data!D12,Data!G12,Data!J12,Data!M12,Data!P12,Data!S12)<6,"",IF(STDEVP(Data!D12,Data!G12,Data!J12,Data!M12,Data!P12,Data!S12)=0,"",IF(Data!$C12="Lower is better",-1,1)*(Data!S12-AVERAGE(Data!D12,Data!G12,Data!J12,Data!M12,Data!P12,Data!S12))/STDEVP(Data!D12,Data!G12,Data!J12,Data!M12,Data!P12,Data!S12)*10+50))
A12: =Indicators!A12 | B12: =Indicators!C12 | C12: =IF(COUNT(Data!D13,Data!G13,Data!J13,Data!M13,Data!P13,Data!S13)<6,"",IF(STDEVP(Data!D13,Data!G13,Data!J13,Data!M13,Data!P13,Data!S13)=0,"",IF(Data!$C13="Lower is better",-1,1)*(Data!D13-AVERAGE(Data!D13,Data!G13,Data!J13,Data!M13,Data!P13,Data!S13))/STDEVP(Data!D13,Data!G13,Data!J13,Data!M13,Data!P13,Data!S13)*10+50)) | D12: =IF(COUNT(Data!D13,Data!G13,Data!J13,Data!M13,Data!P13,Data!S13)<6,"",IF(STDEVP(Data!D13,Data!G13,Data!J13,Data!M13,Data!P13,Data!S13)=0,"",IF(Data!$C13="Lower is better",-1,1)*(Data!G13-AVERAGE(Data!D13,Data!G13,Data!J13,Data!M13,Data!P13,Data!S13))/STDEVP(Data!D13,Data!G13,Data!J13,Data!M13,Data!P13,Data!S13)*10+50)) | E12: =IF(COUNT(Data!D13,Data!G13,Data!J13,Data!M13,Data!P13,Data!S13)<6,"",IF(STDEVP(Data!D13,Data!G13,Data!J13,Data!M13,Data!P13,Data!S13)=0,"",IF(Data!$C13="Lower is better",-1,1)*(Data!J13-AVERAGE(Data!D13,Data!G13,Data!J13,Data!M13,Data!P13,Data!S13))/STDEVP(Data!D13,Data!G13,Data!J13,Data!M13,Data!P13,Data!S13)*10+50)) | F12: =IF(COUNT(Data!D13,Data!G13,Data!J13,Data!M13,Data!P13,Data!S13)<6,"",IF(STDEVP(Data!D13,Data!G13,Data!J13,Data!M13,Data!P13,Data!S13)=0,"",IF(Data!$C13="Lower is better",-1,1)*(Data!M13-AVERAGE(Data!D13,Data!G13,Data!J13,Data!M13,Data!P13,Data!S13))/STDEVP(Data!D13,Data!G13,Data!J13,Data!M13,Data!P13,Data!S13)*10+50)) | G12: =IF(COUNT(Data!D13,Data!G13,Data!J13,Data!M13,Data!P13,Data!S13)<6,"",IF(STDEVP(Data!D13,Data!G13,Data!J13,Data!M13,Data!P13,Data!S13)=0,"",IF(Data!$C13="Lower is better",-1,1)*(Data!P13-AVERAGE(Data!D13,Data!G13,Data!J13,Data!M13,Data!P13,Data!S13))/STDEVP(Data!D13,Data!G13,Data!J13,Data!M13,Data!P13,Data!S13)*10+50)) | H12: =IF(COUNT(Data!D13,Data!G13,Data!J13,Data!M13,Data!P13,Data!S13)<6,"",IF(STDEVP(Data!D13,Data!G13,Data!J13,Data!M13,Data!P13,Data!S13)=0,"",IF(Data!$C13="Lower is better",-1,1)*(Data!S13-AVERAGE(Data!D13,Data!G13,Data!J13,Data!M13,Data!P13,Data!S13))/STDEVP(Data!D13,Data!G13,Data!J13,Data!M13,Data!P13,Data!S13)*10+50))
A13: =Indicators!A13 | B13: =Indicators!C13 | C13: =IF(COUNT(Data!D14,Data!G14,Data!J14,Data!M14,Data!P14,Data!S14)<6,"",IF(STDEVP(Data!D14,Data!G14,Data!J14,Data!M14,Data!P14,Data!S14)=0,"",IF(Data!$C14="Lower is better",-1,1)*(Data!D14-AVERAGE(Data!D14,Data!G14,Data!J14,Data!M14,Data!P14,Data!S14))/STDEVP(Data!D14,Data!G14,Data!J14,Data!M14,Data!P14,Data!S14)*10+50)) | D13: =IF(COUNT(Data!D14,Data!G14,Data!J14,Data!M14,Data!P14,Data!S14)<6,"",IF(STDEVP(Data!D14,Data!G14,Data!J14,Data!M14,Data!P14,Data!S14)=0,"",IF(Data!$C14="Lower is better",-1,1)*(Data!G14-AVERAGE(Data!D14,Data!G14,Data!J14,Data!M14,Data!P14,Data!S14))/STDEVP(Data!D14,Data!G14,Data!J14,Data!M14,Data!P14,Data!S14)*10+50)) | E13: =IF(COUNT(Data!D14,Data!G14,Data!J14,Data!M14,Data!P14,Data!S14)<6,"",IF(STDEVP(Data!D14,Data!G14,Data!J14,Data!M14,Data!P14,Data!S14)=0,"",IF(Data!$C14="Lower is better",-1,1)*(Data!J14-AVERAGE(Data!D14,Data!G14,Data!J14,Data!M14,Data!P14,Data!S14))/STDEVP(Data!D14,Data!G14,Data!J14,Data!M14,Data!P14,Data!S14)*10+50)) | F13: =IF(COUNT(Data!D14,Data!G14,Data!J14,Data!M14,Data!P14,Data!S14)<6,"",IF(STDEVP(Data!D14,Data!G14,Data!J14,Data!M14,Data!P14,Data!S14)=0,"",IF(Data!$C14="Lower is better",-1,1)*(Data!M14-AVERAGE(Data!D14,Data!G14,Data!J14,Data!M14,Data!P14,Data!S14))/STDEVP(Data!D14,Data!G14,Data!J14,Data!M14,Data!P14,Data!S14)*10+50)) | G13: =IF(COUNT(Data!D14,Data!G14,Data!J14,Data!M14,Data!P14,Data!S14)<6,"",IF(STDEVP(Data!D14,Data!G14,Data!J14,Data!M14,Data!P14,Data!S14)=0,"",IF(Data!$C14="Lower is better",-1,1)*(Data!P14-AVERAGE(Data!D14,Data!G14,Data!J14,Data!M14,Data!P14,Data!S14))/STDEVP(Data!D14,Data!G14,Data!J14,Data!M14,Data!P14,Data!S14)*10+50)) | H13: =IF(COUNT(Data!D14,Data!G14,Data!J14,Data!M14,Data!P14,Data!S14)<6,"",IF(STDEVP(Data!D14,Data!G14,Data!J14,Data!M14,Data!P14,Data!S14)=0,"",IF(Data!$C14="Lower is better",-1,1)*(Data!S14-AVERAGE(Data!D14,Data!G14,Data!J14,Data!M14,Data!P14,Data!S14))/STDEVP(Data!D14,Data!G14,Data!J14,Data!M14,Data!P14,Data!S14)*10+50))
A14: =Indicators!A14 | B14: =Indicators!C14 | C14: =IF(COUNT(Data!D15,Data!G15,Data!J15,Data!M15,Data!P15,Data!S15)<6,"",IF(STDEVP(Data!D15,Data!G15,Data!J15,Data!M15,Data!P15,Data!S15)=0,"",IF(Data!$C15="Lower is better",-1,1)*(Data!D15-AVERAGE(Data!D15,Data!G15,Data!J15,Data!M15,Data!P15,Data!S15))/STDEVP(Data!D15,Data!G15,Data!J15,Data!M15,Data!P15,Data!S15)*10+50)) | D14: =IF(COUNT(Data!D15,Data!G15,Data!J15,Data!M15,Data!P15,Data!S15)<6,"",IF(STDEVP(Data!D15,Data!G15,Data!J15,Data!M15,Data!P15,Data!S15)=0,"",IF(Data!$C15="Lower is better",-1,1)*(Data!G15-AVERAGE(Data!D15,Data!G15,Data!J15,Data!M15,Data!P15,Data!S15))/STDEVP(Data!D15,Data!G15,Data!J15,Data!M15,Data!P15,Data!S15)*10+50)) | E14: =IF(COUNT(Data!D15,Data!G15,Data!J15,Data!M15,Data!P15,Data!S15)<6,"",IF(STDEVP(Data!D15,Data!G15,Data!J15,Data!M15,Data!P15,Data!S15)=0,"",IF(Data!$C15="Lower is better",-1,1)*(Data!J15-AVERAGE(Data!D15,Data!G15,Data!J15,Data!M15,Data!P15,Data!S15))/STDEVP(Data!D15,Data!G15,Data!J15,Data!M15,Data!P15,Data!S15)*10+50)) | F14: =IF(COUNT(Data!D15,Data!G15,Data!J15,Data!M15,Data!P15,Data!S15)<6,"",IF(STDEVP(Data!D15,Data!G15,Data!J15,Data!M15,Data!P15,Data!S15)=0,"",IF(Data!$C15="Lower is better",-1,1)*(Data!M15-AVERAGE(Data!D15,Data!G15,Data!J15,Data!M15,Data!P15,Data!S15))/STDEVP(Data!D15,Data!G15,Data!J15,Data!M15,Data!P15,Data!S15)*10+50)) | G14: =IF(COUNT(Data!D15,Data!G15,Data!J15,Data!M15,Data!P15,Data!S15)<6,"",IF(STDEVP(Data!D15,Data!G15,Data!J15,Data!M15,Data!P15,Data!S15)=0,"",IF(Data!$C15="Lower is better",-1,1)*(Data!P15-AVERAGE(Data!D15,Data!G15,Data!J15,Data!M15,Data!P15,Data!S15))/STDEVP(Data!D15,Data!G15,Data!J15,Data!M15,Data!P15,Data!S15)*10+50)) | H14: =IF(COUNT(Data!D15,Data!G15,Data!J15,Data!M15,Data!P15,Data!S15)<6,"",IF(STDEVP(Data!D15,Data!G15,Data!J15,Data!M15,Data!P15,Data!S15)=0,"",IF(Data!$C15="Lower is better",-1,1)*(Data!S15-AVERAGE(Data!D15,Data!G15,Data!J15,Data!M15,Data!P15,Data!S15))/STDEVP(Data!D15,Data!G15,Data!J15,Data!M15,Data!P15,Data!S15)*10+50))
A15: =Indicators!A15 | B15: =Indicators!C15 | C15: =IF(COUNT(Data!D16,Data!G16,Data!J16,Data!M16,Data!P16,Data!S16)<6,"",IF(STDEVP(Data!D16,Data!G16,Data!J16,Data!M16,Data!P16,Data!S16)=0,"",IF(Data!$C16="Lower is better",-1,1)*(Data!D16-AVERAGE(Data!D16,Data!G16,Data!J16,Data!M16,Data!P16,Data!S16))/STDEVP(Data!D16,Data!G16,Data!J16,Data!M16,Data!P16,Data!S16)*10+50)) | D15: =IF(COUNT(Data!D16,Data!G16,Data!J16,Data!M16,Data!P16,Data!S16)<6,"",IF(STDEVP(Data!D16,Data!G16,Data!J16,Data!M16,Data!P16,Data!S16)=0,"",IF(Data!$C16="Lower is better",-1,1)*(Data!G16-AVERAGE(Data!D16,Data!G16,Data!J16,Data!M16,Data!P16,Data!S16))/STDEVP(Data!D16,Data!G16,Data!J16,Data!M16,Data!P16,Data!S16)*10+50)) | E15: =IF(COUNT(Data!D16,Data!G16,Data!J16,Data!M16,Data!P16,Data!S16)<6,"",IF(STDEVP(Data!D16,Data!G16,Data!J16,Data!M16,Data!P16,Data!S16)=0,"",IF(Data!$C16="Lower is better",-1,1)*(Data!J16-AVERAGE(Data!D16,Data!G16,Data!J16,Data!M16,Data!P16,Data!S16))/STDEVP(Data!D16,Data!G16,Data!J16,Data!M16,Data!P16,Data!S16)*10+50)) | F15: =IF(COUNT(Data!D16,Data!G16,Data!J16,Data!M16,Data!P16,Data!S16)<6,"",IF(STDEVP(Data!D16,Data!G16,Data!J16,Data!M16,Data!P16,Data!S16)=0,"",IF(Data!$C16="Lower is better",-1,1)*(Data!M16-AVERAGE(Data!D16,Data!G16,Data!J16,Data!M16,Data!P16,Data!S16))/STDEVP(Data!D16,Data!G16,Data!J16,Data!M16,Data!P16,Data!S16)*10+50)) | G15: =IF(COUNT(Data!D16,Data!G16,Data!J16,Data!M16,Data!P16,Data!S16)<6,"",IF(STDEVP(Data!D16,Data!G16,Data!J16,Data!M16,Data!P16,Data!S16)=0,"",IF(Data!$C16="Lower is better",-1,1)*(Data!P16-AVERAGE(Data!D16,Data!G16,Data!J16,Data!M16,Data!P16,Data!S16))/STDEVP(Data!D16,Data!G16,Data!J16,Data!M16,Data!P16,Data!S16)*10+50)) | H15: =IF(COUNT(Data!D16,Data!G16,Data!J16,Data!M16,Data!P16,Data!S16)<6,"",IF(STDEVP(Data!D16,Data!G16,Data!J16,Data!M16,Data!P16,Data!S16)=0,"",IF(Data!$C16="Lower is better",-1,1)*(Data!S16-AVERAGE(Data!D16,Data!G16,Data!J16,Data!M16,Data!P16,Data!S16))/STDEVP(Data!D16,Data!G16,Data!J16,Data!M16,Data!P16,Data!S16)*10+50))
... A17: =Indicators!A17 | B17: =Indicators!C17 | C17: =IF(COUNT(Data!D18,Data!G18,Data!J18,Data!M18,Data!P18,Data!S18)<6,"",IF(STDEVP(Data!D18,Data!G18,Data!J18,Data!M18,Data!P18,Data!S18)=0,"",IF(Data!$C18="Lower is better",-1,1)*(Data!D18-AVERAGE(Data!D18,Data!G18,Data!J18,Data!M18,Data!P18,Data!S18))/STDEVP(Data!D18,Data!G18,Data!J18,Data!M18,Data!P18,Data!S18)*10+50)) | D17: =IF(COUNT(Data!D18,Data!G18,Data!J18,Data!M18,Data!P18,Data!S18)<6,"",IF(STDEVP(Data!D18,Data!G18,Data!J18,Data!M18,Data!P18,Data!S18)=0,"",IF(Data!$C18="Lower is better",-1,1)*(Data!G18-AVERAGE(Data!D18,Data!G18,Data!J18,Data!M18,Data!P18,Data!S18))/STDEVP(Data!D18,Data!G18,Data!J18,Data!M18,Data!P18,Data!S18)*10+50)) | E17: =IF(COUNT(Data!D18,Data!G18,Data!J18,Data!M18,Data!P18,Data!S18)<6,"",IF(STDEVP(Data!D18,Data!G18,Data!J18,Data!M18,Data!P18,Data!S18)=0,"",IF(Data!$C18="Lower is better",-1,1)*(Data!J18-AVERAGE(Data!D18,Data!G18,Data!J18,Data!M18,Data!P18,Data!S18))/STDEVP(Data!D18,Data!G18,Data!J18,Data!M18,Data!P18,Data!S18)*10+50)) | F17: =IF(COUNT(Data!D18,Data!G18,Data!J18,Data!M18,Data!P18,Data!S18)<6,"",IF(STDEVP(Data!D18,Data!G18,Data!J18,Data!M18,Data!P18,Data!S18)=0,"",IF(Data!$C18="Lower is better",-1,1)*(Data!M18-AVERAGE(Data!D18,Data!G18,Data!J18,Data!M18,Data!P18,Data!S18))/STDEVP(Data!D18,Data!G18,Data!J18,Data!M18,Data!P18,Data!S18)*10+50)) | G17: =IF(COUNT(Data!D18,Data!G18,Data!J18,Data!M18,Data!P18,Data!S18)<6,"",IF(STDEVP(Data!D18,Data!G18,Data!J18,Data!M18,Data!P18,Data!S18)=0,"",IF(Data!$C18="Lower is better",-1,1)*(Data!P18-AVERAGE(Data!D18,Data!G18,Data!J18,Data!M18,Data!P18,Data!S18))/STDEVP(Data!D18,Data!G18,Data!J18,Data!M18,Data!P18,Data!S18)*10+50)) | H17: =IF(COUNT(Data!D18,Data!G18,Data!J18,Data!M18,Data!P18,Data!S18)<6,"",IF(STDEVP(Data!D18,Data!G18,Data!J18,Data!M18,Data!P18,Data!S18)=0,"",IF(Data!$C18="Lower is better",-1,1)*(Data!S18-AVERAGE(Data!D18,Data!G18,Data!J18,Data!M18,Data!P18,Data!S18))/STDEVP(Data!D18,Data!G18,Data!J18,Data!M18,Data!P18,Data!S18)*10+50))

Sheet Scores
A1: Scores and ranks
A2: Complete only when all six countries have a value for every indicator. Until then: "incomplete".
A3: A. Weighted score (0 to 100, min-max)
A4: Country | B4: Baseline | C4: Equal | D4: Economy-led | E4: Access-led | F4: Society-led
A5: Argentina | B5: =IF(COUNT(Normalised!C4:C17)<14,"incomplete",SUMPRODUCT(Weights!C17:C30,Normalised!C4:C17)/100) | C5: =IF(COUNT(Normalised!C4:C17)<14,"incomplete",SUMPRODUCT(Weights!D17:D30,Normalised!C4:C17)/100) | D5: =IF(COUNT(Normalised!C4:C17)<14,"incomplete",SUMPRODUCT(Weights!E17:E30,Normalised!C4:C17)/100) | E5: =IF(COUNT(Normalised!C4:C17)<14,"incomplete",SUMPRODUCT(Weights!F17:F30,Normalised!C4:C17)/100) | F5: =IF(COUNT(Normalised!C4:C17)<14,"incomplete",SUMPRODUCT(Weights!G17:G30,Normalised!C4:C17)/100)
A6: Brazil | B6: =IF(COUNT(Normalised!D4:D17)<14,"incomplete",SUMPRODUCT(Weights!C17:C30,Normalised!D4:D17)/100) | C6: =IF(COUNT(Normalised!D4:D17)<14,"incomplete",SUMPRODUCT(Weights!D17:D30,Normalised!D4:D17)/100) | D6: =IF(COUNT(Normalised!D4:D17)<14,"incomplete",SUMPRODUCT(Weights!E17:E30,Normalised!D4:D17)/100) | E6: =IF(COUNT(Normalised!D4:D17)<14,"incomplete",SUMPRODUCT(Weights!F17:F30,Normalised!D4:D17)/100) | F6: =IF(COUNT(Normalised!D4:D17)<14,"incomplete",SUMPRODUCT(Weights!G17:G30,Normalised!D4:D17)/100)
A7: Chile | B7: =IF(COUNT(Normalised!E4:E17)<14,"incomplete",SUMPRODUCT(Weights!C17:C30,Normalised!E4:E17)/100) | C7: =IF(COUNT(Normalised!E4:E17)<14,"incomplete",SUMPRODUCT(Weights!D17:D30,Normalised!E4:E17)/100) | D7: =IF(COUNT(Normalised!E4:E17)<14,"incomplete",SUMPRODUCT(Weights!E17:E30,Normalised!E4:E17)/100) | E7: =IF(COUNT(Normalised!E4:E17)<14,"incomplete",SUMPRODUCT(Weights!F17:F30,Normalised!E4:E17)/100) | F7: =IF(COUNT(Normalised!E4:E17)<14,"incomplete",SUMPRODUCT(Weights!G17:G30,Normalised!E4:E17)/100)
A8: Colombia | B8: =IF(COUNT(Normalised!F4:F17)<14,"incomplete",SUMPRODUCT(Weights!C17:C30,Normalised!F4:F17)/100) | C8: =IF(COUNT(Normalised!F4:F17)<14,"incomplete",SUMPRODUCT(Weights!D17:D30,Normalised!F4:F17)/100) | D8: =IF(COUNT(Normalised!F4:F17)<14,"incomplete",SUMPRODUCT(Weights!E17:E30,Normalised!F4:F17)/100) | E8: =IF(COUNT(Normalised!F4:F17)<14,"incomplete",SUMPRODUCT(Weights!F17:F30,Normalised!F4:F17)/100) | F8: =IF(COUNT(Normalised!F4:F17)<14,"incomplete",SUMPRODUCT(Weights!G17:G30,Normalised!F4:F17)/100)
A9: Mexico | B9: =IF(COUNT(Normalised!G4:G17)<14,"incomplete",SUMPRODUCT(Weights!C17:C30,Normalised!G4:G17)/100) | C9: =IF(COUNT(Normalised!G4:G17)<14,"incomplete",SUMPRODUCT(Weights!D17:D30,Normalised!G4:G17)/100) | D9: =IF(COUNT(Normalised!G4:G17)<14,"incomplete",SUMPRODUCT(Weights!E17:E30,Normalised!G4:G17)/100) | E9: =IF(COUNT(Normalised!G4:G17)<14,"incomplete",SUMPRODUCT(Weights!F17:F30,Normalised!G4:G17)/100) | F9: =IF(COUNT(Normalised!G4:G17)<14,"incomplete",SUMPRODUCT(Weights!G17:G30,Normalised!G4:G17)/100)
A10: Uruguay | B10: =IF(COUNT(Normalised!H4:H17)<14,"incomplete",SUMPRODUCT(Weights!C17:C30,Normalised!H4:H17)/100) | C10: =IF(COUNT(Normalised!H4:H17)<14,"incomplete",SUMPRODUCT(Weights!D17:D30,Normalised!H4:H17)/100) | D10: =IF(COUNT(Normalised!H4:H17)<14,"incomplete",SUMPRODUCT(Weights!E17:E30,Normalised!H4:H17)/100) | E10: =IF(COUNT(Normalised!H4:H17)<14,"incomplete",SUMPRODUCT(Weights!F17:F30,Normalised!H4:H17)/100) | F10: =IF(COUNT(Normalised!H4:H17)<14,"incomplete",SUMPRODUCT(Weights!G17:G30,Normalised!H4:H17)/100)
A12: B. Rank (1 = best)
A13: Country | B13: Baseline | C13: Equal | D13: Economy-led | E13: Access-led | F13: Society-led | G13: Rank range
A14: Argentina | B14: =IF(ISNUMBER(B5),RANK(B5,B$5:B$10),"") | C14: =IF(ISNUMBER(C5),RANK(C5,C$5:C$10),"") | D14: =IF(ISNUMBER(D5),RANK(D5,D$5:D$10),"") | E14: =IF(ISNUMBER(E5),RANK(E5,E$5:E$10),"") | F14: =IF(ISNUMBER(F5),RANK(F5,F$5:F$10),"") | G14: =IF(COUNT(B14:F14)=5,MIN(B14:F14)&" to "&MAX(B14:F14),"")
A15: Brazil | B15: =IF(ISNUMBER(B6),RANK(B6,B$5:B$10),"") | C15: =IF(ISNUMBER(C6),RANK(C6,C$5:C$10),"") | D15: =IF(ISNUMBER(D6),RANK(D6,D$5:D$10),"") | E15: =IF(ISNUMBER(E6),RANK(E6,E$5:E$10),"") | F15: =IF(ISNUMBER(F6),RANK(F6,F$5:F$10),"") | G15: =IF(COUNT(B15:F15)=5,MIN(B15:F15)&" to "&MAX(B15:F15),"")
A16: Chile | B16: =IF(ISNUMBER(B7),RANK(B7,B$5:B$10),"") | C16: =IF(ISNUMBER(C7),RANK(C7,C$5:C$10),"") | D16: =IF(ISNUMBER(D7),RANK(D7,D$5:D$10),"") | E16: =IF(ISNUMBER(E7),RANK(E7,E$5:E$10),"") | F16: =IF(ISNUMBER(F7),RANK(F7,F$5:F$10),"") | G16: =IF(COUNT(B16:F16)=5,MIN(B16:F16)&" to "&MAX(B16:F16),"")
A17: Colombia | B17: =IF(ISNUMBER(B8),RANK(B8,B$5:B$10),"") | C17: =IF(ISNUMBER(C8),RANK(C8,C$5:C$10),"") | D17: =IF(ISNUMBER(D8),RANK(D8,D$5:D$10),"") | E17: =IF(ISNUMBER(E8),RANK(E8,E$5:E$10),"") | F17: =IF(ISNUMBER(F8),RANK(F8,F$5:F$10),"") | G17: =IF(COUNT(B17:F17)=5,MIN(B17:F17)&" to "&MAX(B17:F17),"")
A18: Mexico | B18: =IF(ISNUMBER(B9),RANK(B9,B$5:B$10),"") | C18: =IF(ISNUMBER(C9),RANK(C9,C$5:C$10),"") | D18: =IF(ISNUMBER(D9),RANK(D9,D$5:D$10),"") | E18: =IF(ISNUMBER(E9),RANK(E9,E$5:E$10),"") | F18: =IF(ISNUMBER(F9),RANK(F9,F$5:F$10),"") | G18: =IF(COUNT(B18:F18)=5,MIN(B18:F18)&" to "&MAX(B18:F18),"")
A19: Uruguay | B19: =IF(ISNUMBER(B10),RANK(B10,B$5:B$10),"") | C19: =IF(ISNUMBER(C10),RANK(C10,C$5:C$10),"") | D19: =IF(ISNUMBER(D10),RANK(D10,D$5:D$10),"") | E19: =IF(ISNUMBER(E10),RANK(E10,E$5:E$10),"") | F19: =IF(ISNUMBER(F10),RANK(F10,F$5:F$10),"") | G19: =IF(COUNT(B19:F19)=5,MIN(B19:F19)&" to "&MAX(B19:F19),"")
A21: C. Baseline score by PESTEL dimension (average of the indicator scores)
A22: Country | B22: Political | C22: Economic | D22: Social | E22: Technological | F22: Environmental | G22: Legal
A23: Argentina | B23: =IF(COUNTIFS(Indicators!$B$4:$B$17,"Political",Normalised!C$4:C$17,">=0")=0,"",SUMIFS(Normalised!C$4:C$17,Indicators!$B$4:$B$17,"Political")/COUNTIFS(Indicators!$B$4:$B$17,"Political",Normalised!C$4:C$17,">=0")) | C23: =IF(COUNTIFS(Indicators!$B$4:$B$17,"Economic",Normalised!C$4:C$17,">=0")=0,"",SUMIFS(Normalised!C$4:C$17,Indicators!$B$4:$B$17,"Economic")/COUNTIFS(Indicators!$B$4:$B$17,"Economic",Normalised!C$4:C$17,">=0")) | D23: =IF(COUNTIFS(Indicators!$B$4:$B$17,"Social",Normalised!C$4:C$17,">=0")=0,"",SUMIFS(Normalised!C$4:C$17,Indicators!$B$4:$B$17,"Social")/COUNTIFS(Indicators!$B$4:$B$17,"Social",Normalised!C$4:C$17,">=0")) | E23: =IF(COUNTIFS(Indicators!$B$4:$B$17,"Technological",Normalised!C$4:C$17,">=0")=0,"",SUMIFS(Normalised!C$4:C$17,Indicators!$B$4:$B$17,"Technological")/COUNTIFS(Indicators!$B$4:$B$17,"Technological",Normalised!C$4:C$17,">=0")) | F23: =IF(COUNTIFS(Indicators!$B$4:$B$17,"Environmental",Normalised!C$4:C$17,">=0")=0,"",SUMIFS(Normalised!C$4:C$17,Indicators!$B$4:$B$17,"Environmental")/COUNTIFS(Indicators!$B$4:$B$17,"Environmental",Normalised!C$4:C$17,">=0")) | G23: =IF(COUNTIFS(Indicators!$B$4:$B$17,"Legal",Normalised!C$4:C$17,">=0")=0,"",SUMIFS(Normalised!C$4:C$17,Indicators!$B$4:$B$17,"Legal")/COUNTIFS(Indicators!$B$4:$B$17,"Legal",Normalised!C$4:C$17,">=0"))
A24: Brazil | B24: =IF(COUNTIFS(Indicators!$B$4:$B$17,"Political",Normalised!D$4:D$17,">=0")=0,"",SUMIFS(Normalised!D$4:D$17,Indicators!$B$4:$B$17,"Political")/COUNTIFS(Indicators!$B$4:$B$17,"Political",Normalised!D$4:D$17,">=0")) | C24: =IF(COUNTIFS(Indicators!$B$4:$B$17,"Economic",Normalised!D$4:D$17,">=0")=0,"",SUMIFS(Normalised!D$4:D$17,Indicators!$B$4:$B$17,"Economic")/COUNTIFS(Indicators!$B$4:$B$17,"Economic",Normalised!D$4:D$17,">=0")) | D24: =IF(COUNTIFS(Indicators!$B$4:$B$17,"Social",Normalised!D$4:D$17,">=0")=0,"",SUMIFS(Normalised!D$4:D$17,Indicators!$B$4:$B$17,"Social")/COUNTIFS(Indicators!$B$4:$B$17,"Social",Normalised!D$4:D$17,">=0")) | E24: =IF(COUNTIFS(Indicators!$B$4:$B$17,"Technological",Normalised!D$4:D$17,">=0")=0,"",SUMIFS(Normalised!D$4:D$17,Indicators!$B$4:$B$17,"Technological")/COUNTIFS(Indicators!$B$4:$B$17,"Technological",Normalised!D$4:D$17,">=0")) | F24: =IF(COUNTIFS(Indicators!$B$4:$B$17,"Environmental",Normalised!D$4:D$17,">=0")=0,"",SUMIFS(Normalised!D$4:D$17,Indicators!$B$4:$B$17,"Environmental")/COUNTIFS(Indicators!$B$4:$B$17,"Environmental",Normalised!D$4:D$17,">=0")) | G24: =IF(COUNTIFS(Indicators!$B$4:$B$17,"Legal",Normalised!D$4:D$17,">=0")=0,"",SUMIFS(Normalised!D$4:D$17,Indicators!$B$4:$B$17,"Legal")/COUNTIFS(Indicators!$B$4:$B$17,"Legal",Normalised!D$4:D$17,">=0"))
A25: Chile | B25: =IF(COUNTIFS(Indicators!$B$4:$B$17,"Political",Normalised!E$4:E$17,">=0")=0,"",SUMIFS(Normalised!E$4:E$17,Indicators!$B$4:$B$17,"Political")/COUNTIFS(Indicators!$B$4:$B$17,"Political",Normalised!E$4:E$17,">=0")) | C25: =IF(COUNTIFS(Indicators!$B$4:$B$17,"Economic",Normalised!E$4:E$17,">=0")=0,"",SUMIFS(Normalised!E$4:E$17,Indicators!$B$4:$B$17,"Economic")/COUNTIFS(Indicators!$B$4:$B$17,"Economic",Normalised!E$4:E$17,">=0")) | D25: =IF(COUNTIFS(Indicators!$B$4:$B$17,"Social",Normalised!E$4:E$17,">=0")=0,"",SUMIFS(Normalised!E$4:E$17,Indicators!$B$4:$B$17,"Social")/COUNTIFS(Indicators!$B$4:$B$17,"Social",Normalised!E$4:E$17,">=0")) | E25: =IF(COUNTIFS(Indicators!$B$4:$B$17,"Technological",Normalised!E$4:E$17,">=0")=0,"",SUMIFS(Normalised!E$4:E$17,Indicators!$B$4:$B$17,"Technological")/COUNTIFS(Indicators!$B$4:$B$17,"Technological",Normalised!E$4:E$17,">=0")) | F25: =IF(COUNTIFS(Indicators!$B$4:$B$17,"Environmental",Normalised!E$4:E$17,">=0")=0,"",SUMIFS(Normalised!E$4:E$17,Indicators!$B$4:$B$17,"Environmental")/COUNTIFS(Indicators!$B$4:$B$17,"Environmental",Normalised!E$4:E$17,">=0")) | G25: =IF(COUNTIFS(Indicators!$B$4:$B$17,"Legal",Normalised!E$4:E$17,">=0")=0,"",SUMIFS(Normalised!E$4:E$17,Indicators!$B$4:$B$17,"Legal")/COUNTIFS(Indicators!$B$4:$B$17,"Legal",Normalised!E$4:E$17,">=0"))
A26: Colombia | B26: =IF(COUNTIFS(Indicators!$B$4:$B$17,"Political",Normalised!F$4:F$17,">=0")=0,"",SUMIFS(Normalised!F$4:F$17,Indicators!$B$4:$B$17,"Political")/COUNTIFS(Indicators!$B$4:$B$17,"Political",Normalised!F$4:F$17,">=0")) | C26: =IF(COUNTIFS(Indicators!$B$4:$B$17,"Economic",Normalised!F$4:F$17,">=0")=0,"",SUMIFS(Normalised!F$4:F$17,Indicators!$B$4:$B$17,"Economic")/COUNTIFS(Indicators!$B$4:$B$17,"Economic",Normalised!F$4:F$17,">=0")) | D26: =IF(COUNTIFS(Indicators!$B$4:$B$17,"Social",Normalised!F$4:F$17,">=0")=0,"",SUMIFS(Normalised!F$4:F$17,Indicators!$B$4:$B$17,"Social")/COUNTIFS(Indicators!$B$4:$B$17,"Social",Normalised!F$4:F$17,">=0")) | E26: =IF(COUNTIFS(Indicators!$B$4:$B$17,"Technological",Normalised!F$4:F$17,">=0")=0,"",SUMIFS(Normalised!F$4:F$17,Indicators!$B$4:$B$17,"Technological")/COUNTIFS(Indicators!$B$4:$B$17,"Technological",Normalised!F$4:F$17,">=0")) | F26: =IF(COUNTIFS(Indicators!$B$4:$B$17,"Environmental",Normalised!F$4:F$17,">=0")=0,"",SUMIFS(Normalised!F$4:F$17,Indicators!$B$4:$B$17,"Environmental")/COUNTIFS(Indicators!$B$4:$B$17,"Environmental",Normalised!F$4:F$17,">=0")) | G26: =IF(COUNTIFS(Indicators!$B$4:$B$17,"Legal",Normalised!F$4:F$17,">=0")=0,"",SUMIFS(Normalised!F$4:F$17,Indicators!$B$4:$B$17,"Legal")/COUNTIFS(Indicators!$B$4:$B$17,"Legal",Normalised!F$4:F$17,">=0"))
A27: Mexico | B27: =IF(COUNTIFS(Indicators!$B$4:$B$17,"Political",Normalised!G$4:G$17,">=0")=0,"",SUMIFS(Normalised!G$4:G$17,Indicators!$B$4:$B$17,"Political")/COUNTIFS(Indicators!$B$4:$B$17,"Political",Normalised!G$4:G$17,">=0")) | C27: =IF(COUNTIFS(Indicators!$B$4:$B$17,"Economic",Normalised!G$4:G$17,">=0")=0,"",SUMIFS(Normalised!G$4:G$17,Indicators!$B$4:$B$17,"Economic")/COUNTIFS(Indicators!$B$4:$B$17,"Economic",Normalised!G$4:G$17,">=0")) | D27: =IF(COUNTIFS(Indicators!$B$4:$B$17,"Social",Normalised!G$4:G$17,">=0")=0,"",SUMIFS(Normalised!G$4:G$17,Indicators!$B$4:$B$17,"Social")/COUNTIFS(Indicators!$B$4:$B$17,"Social",Normalised!G$4:G$17,">=0")) | E27: =IF(COUNTIFS(Indicators!$B$4:$B$17,"Technological",Normalised!G$4:G$17,">=0")=0,"",SUMIFS(Normalised!G$4:G$17,Indicators!$B$4:$B$17,"Technological")/COUNTIFS(Indicators!$B$4:$B$17,"Technological",Normalised!G$4:G$17,">=0")) | F27: =IF(COUNTIFS(Indicators!$B$4:$B$17,"Environmental",Normalised!G$4:G$17,">=0")=0,"",SUMIFS(Normalised!G$4:G$17,Indicators!$B$4:$B$17,"Environmental")/COUNTIFS(Indicators!$B$4:$B$17,"Environmental",Normalised!G$4:G$17,">=0")) | G27: =IF(COUNTIFS(Indicators!$B$4:$B$17,"Legal",Normalised!G$4:G$17,">=0")=0,"",SUMIFS(Normalised!G$4:G$17,Indicators!$B$4:$B$17,"Legal")/COUNTIFS(Indicators!$B$4:$B$17,"Legal",Normalised!G$4:G$17,">=0"))
A28: Uruguay | B28: =IF(COUNTIFS(Indicators!$B$4:$B$17,"Political",Normalised!H$4:H$17,">=0")=0,"",SUMIFS(Normalised!H$4:H$17,Indicators!$B$4:$B$17,"Political")/COUNTIFS(Indicators!$B$4:$B$17,"Political",Normalised!H$4:H$17,">=0")) | C28: =IF(COUNTIFS(Indicators!$B$4:$B$17,"Economic",Normalised!H$4:H$17,">=0")=0,"",SUMIFS(Normalised!H$4:H$17,Indicators!$B$4:$B$17,"Economic")/COUNTIFS(Indicators!$B$4:$B$17,"Economic",Normalised!H$4:H$17,">=0")) | D28: =IF(COUNTIFS(Indicators!$B$4:$B$17,"Social",Normalised!H$4:H$17,">=0")=0,"",SUMIFS(Normalised!H$4:H$17,Indicators!$B$4:$B$17,"Social")/COUNTIFS(Indicators!$B$4:$B$17,"Social",Normalised!H$4:H$17,">=0")) | E28: =IF(COUNTIFS(Indicators!$B$4:$B$17,"Technological",Normalised!H$4:H$17,">=0")=0,"",SUMIFS(Normalised!H$4:H$17,Indicators!$B$4:$B$17,"Technological")/COUNTIFS(Indicators!$B$4:$B$17,"Technological",Normalised!H$4:H$17,">=0")) | F28: =IF(COUNTIFS(Indicators!$B$4:$B$17,"Environmental",Normalised!H$4:H$17,">=0")=0,"",SUMIFS(Normalised!H$4:H$17,Indicators!$B$4:$B$17,"Environmental")/COUNTIFS(Indicators!$B$4:$B$17,"Environmental",Normalised!H$4:H$17,">=0")) | G28: =IF(COUNTIFS(Indicators!$B$4:$B$17,"Legal",Normalised!H$4:H$17,">=0")=0,"",SUMIFS(Normalised!H$4:H$17,Indicators!$B$4:$B$17,"Legal")/COUNTIFS(Indicators!$B$4:$B$17,"Legal",Normalised!H$4:H$17,">=0"))
A30: D. Baseline weights with T-scores (second normalisation)
A31: Country | B31: Weighted T-score | C31: Rank
A32: Argentina | B32: =IF(COUNT('T-scores'!C4:C17)<14,"incomplete",SUMPRODUCT(Weights!C17:C30,'T-scores'!C4:C17)/100) | C32: =IF(ISNUMBER(B32),RANK(B32,B$32:B$37),"")
A33: Brazil | B33: =IF(COUNT('T-scores'!D4:D17)<14,"incomplete",SUMPRODUCT(Weights!C17:C30,'T-scores'!D4:D17)/100) | C33: =IF(ISNUMBER(B33),RANK(B33,B$32:B$37),"")
A34: Chile | B34: =IF(COUNT('T-scores'!E4:E17)<14,"incomplete",SUMPRODUCT(Weights!C17:C30,'T-scores'!E4:E17)/100) | C34: =IF(ISNUMBER(B34),RANK(B34,B$32:B$37),"")
A35: Colombia | B35: =IF(COUNT('T-scores'!F4:F17)<14,"incomplete",SUMPRODUCT(Weights!C17:C30,'T-scores'!F4:F17)/100) | C35: =IF(ISNUMBER(B35),RANK(B35,B$32:B$37),"")
A36: Mexico | B36: =IF(COUNT('T-scores'!G4:G17)<14,"incomplete",SUMPRODUCT(Weights!C17:C30,'T-scores'!G4:G17)/100) | C36: =IF(ISNUMBER(B36),RANK(B36,B$32:B$37),"")
A37: Uruguay | B37: =IF(COUNT('T-scores'!H4:H17)<14,"incomplete",SUMPRODUCT(Weights!C17:C30,'T-scores'!H4:H17)/100) | C37: =IF(ISNUMBER(B37),RANK(B37,B$32:B$37),"")

Sheet Rubrics
A1: Scoring rubrics for qualitative indicators (1 to 5)
A3: Rubric | B3: Indicator | C3: 1 | D3: 3 | E3: 5
A4: A | B4: Trade agreement between the EU and the country | C4: No agreement; full tariffs and no negotiation | D4: Agreement under negotiation, or partial or interim agreement | E4: Agreement in force covering coffee, tariff at or near zero
A5: B | B5: Cafe culture | C5: Coffee mainly consumed at home (instant, filter); few cafes | D5: Established cafe scene in the large cities only | E5: Strong cafe culture in several cities; coffee out of home is a habit
A6: C | B6: Demand for certified and sustainable coffee | C6: No visible demand; certifications unknown to buyers | D6: Niche demand in premium retail and hotels | E6: Mainstream expectation among premium buyers and hotel groups
A7: D | B7: Product, labelling and certification requirements | C7: Many requirements; local registration or testing needed | D7: Moderate requirements; some adaptation of labels | E7: Few requirements; EU labels and certificates accepted
A9: Scores 2 and 4 are used for cases between the anchors. Two team members score independently, then agree; write the reason in the source cell.
